session_id,input_sequence,next_field
SESSION-006E2B73,Customer Information,Identity Verification
SESSION-006E2B73,Customer Information | Identity Verification,Document Verification
SESSION-006E2B73,Customer Information | Identity Verification | Document Verification,Account Information
SESSION-006E2B73,Customer Information | Identity Verification | Document Verification | Account Information,Onboarding Confirmation
SESSION-009A65D0,Customer Information,Service Selection
SESSION-009A65D0,Customer Information | Service Selection,Document Verification
SESSION-009A65D0,Customer Information | Service Selection | Document Verification,Installation
SESSION-009A65D0,Customer Information | Service Selection | Document Verification | Installation,Activation
SESSION-00E534C7,Customer Information,Service Selection
SESSION-00E534C7,Customer Information | Service Selection,Document Verification
SESSION-00E534C7,Customer Information | Service Selection | Document Verification,Installation
SESSION-00E534C7,Customer Information | Service Selection | Document Verification | Installation,Activation
SESSION-01C52659,Customer Information,Identity Verification
SESSION-01C52659,Customer Information | Identity Verification,Document Verification
SESSION-01C52659,Customer Information | Identity Verification | Document Verification,Account Information
SESSION-01C52659,Customer Information | Identity Verification | Document Verification | Account Information,Onboarding Confirmation
SESSION-01E5137D,Customer Information,Identity Verification
SESSION-01E5137D,Customer Information | Identity Verification,Document Verification
SESSION-01E5137D,Customer Information | Identity Verification | Document Verification,Account Information
SESSION-01E5137D,Customer Information | Identity Verification | Document Verification | Account Information,Onboarding Confirmation
SESSION-021DB72B,Customer Information,Identity Verification
SESSION-021DB72B,Customer Information | Identity Verification,Document Verification
SESSION-021DB72B,Customer Information | Identity Verification | Document Verification,Account Information
SESSION-021DB72B,Customer Information | Identity Verification | Document Verification | Account Information,Onboarding Confirmation
SESSION-022234EA,Customer Information,Identity Verification
SESSION-022234EA,Customer Information | Identity Verification,Document Verification
SESSION-022234EA,Customer Information | Identity Verification | Document Verification,Account Information
SESSION-022234EA,Customer Information | Identity Verification | Document Verification | Account Information,Onboarding Confirmation
SESSION-023921B1,Customer Information,Identity Verification
SESSION-023921B1,Customer Information | Identity Verification,Document Verification
SESSION-023921B1,Customer Information | Identity Verification | Document Verification,Account Information
SESSION-023921B1,Customer Information | Identity Verification | Document Verification | Account Information,Onboarding Confirmation
SESSION-02540208,Customer Information,Identity Verification
SESSION-02540208,Customer Information | Identity Verification,Document Verification
SESSION-02540208,Customer Information | Identity Verification | Document Verification,Account Information
SESSION-02540208,Customer Information | Identity Verification | Document Verification | Account Information,Onboarding Confirmation
SESSION-02591E84,Customer Information,Service Selection
SESSION-02591E84,Customer Information | Service Selection,Document Verification
SESSION-02591E84,Customer Information | Service Selection | Document Verification,Installation
SESSION-02591E84,Customer Information | Service Selection | Document Verification | Installation,Activation
SESSION-0298D921,Customer Information,Service Selection
SESSION-0298D921,Customer Information | Service Selection,Document Verification
SESSION-0298D921,Customer Information | Service Selection | Document Verification,Installation
SESSION-0298D921,Customer Information | Service Selection | Document Verification | Installation,Activation
SESSION-02D7A28C,Customer Information,Service Selection
SESSION-02D7A28C,Customer Information | Service Selection,Document Verification
SESSION-02D7A28C,Customer Information | Service Selection | Document Verification,Installation
SESSION-02D7A28C,Customer Information | Service Selection | Document Verification | Installation,Activation
SESSION-03095F25,Customer Information,Service Selection
SESSION-03095F25,Customer Information | Service Selection,Document Verification
SESSION-03095F25,Customer Information | Service Selection | Document Verification,Installation
SESSION-03095F25,Customer Information | Service Selection | Document Verification | Installation,Activation
SESSION-030F309C,Customer Information,Service Selection
SESSION-030F309C,Customer Information | Service Selection,Document Verification
SESSION-030F309C,Customer Information | Service Selection | Document Verification,Installation
SESSION-030F309C,Customer Information | Service Selection | Document Verification | Installation,Activation
SESSION-0311452D,Customer Information,Service Selection
SESSION-0311452D,Customer Information | Service Selection,Document Verification
SESSION-0311452D,Customer Information | Service Selection | Document Verification,Installation
SESSION-0311452D,Customer Information | Service Selection | Document Verification | Installation,Activation
SESSION-0338B35F,Customer Information,Service Selection
SESSION-0338B35F,Customer Information | Service Selection,Document Verification
SESSION-0338B35F,Customer Information | Service Selection | Document Verification,Installation
SESSION-0338B35F,Customer Information | Service Selection | Document Verification | Installation,Activation
SESSION-0370155A,Customer Information,Identity Verification
SESSION-0370155A,Customer Information | Identity Verification,Document Verification
SESSION-0370155A,Customer Information | Identity Verification | Document Verification,Account Information
SESSION-0370155A,Customer Information | Identity Verification | Document Verification | Account Information,Onboarding Confirmation
SESSION-037D9714,Customer Information,Identity Verification
SESSION-037D9714,Customer Information | Identity Verification,Document Verification
SESSION-037D9714,Customer Information | Identity Verification | Document Verification,Account Information
SESSION-037D9714,Customer Information | Identity Verification | Document Verification | Account Information,Onboarding Confirmation
SESSION-043FC5B9,Customer Information,Identity Verification
SESSION-043FC5B9,Customer Information | Identity Verification,Document Verification
SESSION-043FC5B9,Customer Information | Identity Verification | Document Verification,Account Information
SESSION-043FC5B9,Customer Information | Identity Verification | Document Verification | Account Information,Onboarding Confirmation
SESSION-044E234B,Customer Information,Document Verification
SESSION-044E234B,Customer Information | Document Verification,Account Information
SESSION-044E234B,Customer Information | Document Verification | Account Information,Onboarding Confirmation
SESSION-046511C5,Customer Information,Service Selection
SESSION-046511C5,Customer Information | Service Selection,Document Verification
SESSION-046511C5,Customer Information | Service Selection | Document Verification,Installation
SESSION-046511C5,Customer Information | Service Selection | Document Verification | Installation,Activation
SESSION-04657D20,Customer Information,Identity Verification
SESSION-04657D20,Customer Information | Identity Verification,Document Verification
SESSION-04657D20,Customer Information | Identity Verification | Document Verification,Account Information
SESSION-04657D20,Customer Information | Identity Verification | Document Verification | Account Information,Onboarding Confirmation
SESSION-04F4D7A2,Customer Information,Identity Verification
SESSION-04F4D7A2,Customer Information | Identity Verification,Document Verification
SESSION-04F4D7A2,Customer Information | Identity Verification | Document Verification,Account Information
SESSION-04F4D7A2,Customer Information | Identity Verification | Document Verification | Account Information,Onboarding Confirmation
SESSION-0513D13F,Customer Information,Service Selection
SESSION-0513D13F,Customer Information | Service Selection,Customer Information
SESSION-0513D13F,Customer Information | Service Selection | Customer Information,Document Verification
SESSION-0513D13F,Customer Information | Service Selection | Customer Information | Document Verification,Installation
SESSION-0513D13F,Customer Information | Service Selection | Customer Information | Document Verification | Installation,Activation
SESSION-05241BBD,Customer Information,Service Selection
SESSION-05241BBD,Customer Information | Service Selection,Document Verification
SESSION-05241BBD,Customer Information | Service Selection | Document Verification,Installation
SESSION-05241BBD,Customer Information | Service Selection | Document Verification | Installation,Activation
SESSION-053800F5,Customer Information,Service Selection
SESSION-053800F5,Customer Information | Service Selection,Document Verification
SESSION-053800F5,Customer Information | Service Selection | Document Verification,Installation
SESSION-053800F5,Customer Information | Service Selection | Document Verification | Installation,Activation
SESSION-05660ECC,Customer Information,Identity Verification
SESSION-05660ECC,Customer Information | Identity Verification,Document Verification
SESSION-05660ECC,Customer Information | Identity Verification | Document Verification,Account Information
SESSION-05660ECC,Customer Information | Identity Verification | Document Verification | Account Information,Onboarding Confirmation
SESSION-05C406CD,Customer Information,Identity Verification
SESSION-05C406CD,Customer Information | Identity Verification,Document Verification
SESSION-05C406CD,Customer Information | Identity Verification | Document Verification,Account Information
SESSION-05C406CD,Customer Information | Identity Verification | Document Verification | Account Information,Onboarding Confirmation
SESSION-06412897,Customer Information,Service Selection
SESSION-06412897,Customer Information | Service Selection,Document Verification
SESSION-06412897,Customer Information | Service Selection | Document Verification,Customer Information
SESSION-06412897,Customer Information | Service Selection | Document Verification | Customer Information,Installation
SESSION-06412897,Customer Information | Service Selection | Document Verification | Customer Information | Installation,Activation
SESSION-0644866C,Customer Information,Identity Verification
SESSION-0644866C,Customer Information | Identity Verification,Document Verification
SESSION-0644866C,Customer Information | Identity Verification | Document Verification,Account Information
SESSION-0644866C,Customer Information | Identity Verification | Document Verification | Account Information,Onboarding Confirmation
SESSION-064D33B6,Customer Information,Service Selection
SESSION-064D33B6,Customer Information | Service Selection,Document Verification
SESSION-064D33B6,Customer Information | Service Selection | Document Verification,Installation
SESSION-064D33B6,Customer Information | Service Selection | Document Verification | Installation,Activation
SESSION-066678C9,Customer Information,Service Selection
SESSION-066678C9,Customer Information | Service Selection,Document Verification
SESSION-066678C9,Customer Information | Service Selection | Document Verification,Installation
SESSION-066678C9,Customer Information | Service Selection | Document Verification | Installation,Activation
SESSION-06FBD8C2,Customer Information,Identity Verification
SESSION-06FBD8C2,Customer Information | Identity Verification,Document Verification
SESSION-06FBD8C2,Customer Information | Identity Verification | Document Verification,Account Information
SESSION-06FBD8C2,Customer Information | Identity Verification | Document Verification | Account Information,Onboarding Confirmation
SESSION-06FE49B8,Customer Information,Service Selection
SESSION-06FE49B8,Customer Information | Service Selection,Document Verification
SESSION-06FE49B8,Customer Information | Service Selection | Document Verification,Installation
SESSION-06FE49B8,Customer Information | Service Selection | Document Verification | Installation,Activation
SESSION-076C7843,Customer Information,Identity Verification
SESSION-076C7843,Customer Information | Identity Verification,Document Verification
SESSION-076C7843,Customer Information | Identity Verification | Document Verification,Account Information
SESSION-076C7843,Customer Information | Identity Verification | Document Verification | Account Information,Onboarding Confirmation
SESSION-078FBF35,Customer Information,Identity Verification
SESSION-078FBF35,Customer Information | Identity Verification,Document Verification
SESSION-078FBF35,Customer Information | Identity Verification | Document Verification,Account Information
SESSION-078FBF35,Customer Information | Identity Verification | Document Verification | Account Information,Document Verification
SESSION-078FBF35,Customer Information | Identity Verification | Document Verification | Account Information | Document Verification,Onboarding Confirmation
SESSION-07BAF648,Customer Information,Service Selection
SESSION-07BAF648,Customer Information | Service Selection,Document Verification
SESSION-07BAF648,Customer Information | Service Selection | Document Verification,Installation
SESSION-07BAF648,Customer Information | Service Selection | Document Verification | Installation,Activation
SESSION-07D2274B,Customer Information,Identity Verification
SESSION-07D2274B,Customer Information | Identity Verification,Document Verification
SESSION-07D2274B,Customer Information | Identity Verification | Document Verification,Account Information
SESSION-07D2274B,Customer Information | Identity Verification | Document Verification | Account Information,Onboarding Confirmation
SESSION-08077848,Customer Information,Service Selection
SESSION-08077848,Customer Information | Service Selection,Document Verification
SESSION-08077848,Customer Information | Service Selection | Document Verification,Installation
SESSION-08077848,Customer Information | Service Selection | Document Verification | Installation,Activation
SESSION-08303246,Customer Information,Service Selection
SESSION-08303246,Customer Information | Service Selection,Document Verification
SESSION-08303246,Customer Information | Service Selection | Document Verification,Installation
SESSION-08303246,Customer Information | Service Selection | Document Verification | Installation,Activation
SESSION-08533AC4,Customer Information,Identity Verification
SESSION-08533AC4,Customer Information | Identity Verification,Document Verification
SESSION-08533AC4,Customer Information | Identity Verification | Document Verification,Account Information
SESSION-08533AC4,Customer Information | Identity Verification | Document Verification | Account Information,Onboarding Confirmation
SESSION-09B802E0,Customer Information,Identity Verification
SESSION-09B802E0,Customer Information | Identity Verification,Document Verification
SESSION-09B802E0,Customer Information | Identity Verification | Document Verification,Account Information
SESSION-09B802E0,Customer Information | Identity Verification | Document Verification | Account Information,Onboarding Confirmation
SESSION-09DBAFA1,Customer Information,Identity Verification
SESSION-09DBAFA1,Customer Information | Identity Verification,Document Verification
SESSION-09DBAFA1,Customer Information | Identity Verification | Document Verification,Account Information
SESSION-09DBAFA1,Customer Information | Identity Verification | Document Verification | Account Information,Onboarding Confirmation
SESSION-09E0F6EC,Customer Information,Service Selection
SESSION-09E0F6EC,Customer Information | Service Selection,Document Verification
SESSION-09E0F6EC,Customer Information | Service Selection | Document Verification,Installation
SESSION-09E0F6EC,Customer Information | Service Selection | Document Verification | Installation,Activation
SESSION-0A0B489B,Customer Information,Service Selection
SESSION-0A0B489B,Customer Information | Service Selection,Document Verification
SESSION-0A0B489B,Customer Information | Service Selection | Document Verification,Installation
SESSION-0A0B489B,Customer Information | Service Selection | Document Verification | Installation,Activation
SESSION-0A564820,Customer Information,Service Selection
SESSION-0A564820,Customer Information | Service Selection,Document Verification
SESSION-0A564820,Customer Information | Service Selection | Document Verification,Installation
SESSION-0A564820,Customer Information | Service Selection | Document Verification | Installation,Activation
SESSION-0A7D1D6B,Customer Information,Identity Verification
SESSION-0A7D1D6B,Customer Information | Identity Verification,Document Verification
SESSION-0A7D1D6B,Customer Information | Identity Verification | Document Verification,Account Information
SESSION-0A7D1D6B,Customer Information | Identity Verification | Document Verification | Account Information,Onboarding Confirmation
SESSION-0A8F1235,Customer Information,Identity Verification
SESSION-0A8F1235,Customer Information | Identity Verification,Document Verification
SESSION-0A8F1235,Customer Information | Identity Verification | Document Verification,Account Information
SESSION-0A8F1235,Customer Information | Identity Verification | Document Verification | Account Information,Onboarding Confirmation
SESSION-0AABFA43,Customer Information,Service Selection
SESSION-0AABFA43,Customer Information | Service Selection,Document Verification
SESSION-0AABFA43,Customer Information | Service Selection | Document Verification,Installation
SESSION-0AABFA43,Customer Information | Service Selection | Document Verification | Installation,Activation
SESSION-0AB6541C,Customer Information,Service Selection
SESSION-0AB6541C,Customer Information | Service Selection,Document Verification
SESSION-0AB6541C,Customer Information | Service Selection | Document Verification,Installation
SESSION-0AB6541C,Customer Information | Service Selection | Document Verification | Installation,Activation
SESSION-0AC3BA29,Customer Information,Service Selection
SESSION-0AC3BA29,Customer Information | Service Selection,Document Verification
SESSION-0AC3BA29,Customer Information | Service Selection | Document Verification,Installation
SESSION-0AC3BA29,Customer Information | Service Selection | Document Verification | Installation,Activation
SESSION-0ACA7254,Customer Information,Identity Verification
SESSION-0ACA7254,Customer Information | Identity Verification,Document Verification
SESSION-0ACA7254,Customer Information | Identity Verification | Document Verification,Account Information
SESSION-0ACA7254,Customer Information | Identity Verification | Document Verification | Account Information,Onboarding Confirmation
SESSION-0B5563CA,Customer Information,Identity Verification
SESSION-0B5563CA,Customer Information | Identity Verification,Document Verification
SESSION-0B5563CA,Customer Information | Identity Verification | Document Verification,Account Information
SESSION-0B5563CA,Customer Information | Identity Verification | Document Verification | Account Information,Onboarding Confirmation
SESSION-0B5F5BDE,Customer Information,Service Selection
SESSION-0B5F5BDE,Customer Information | Service Selection,Document Verification
SESSION-0B5F5BDE,Customer Information | Service Selection | Document Verification,Installation
SESSION-0B5F5BDE,Customer Information | Service Selection | Document Verification | Installation,Activation
SESSION-0B7438D0,Customer Information,Service Selection
SESSION-0B7438D0,Customer Information | Service Selection,Customer Information
SESSION-0B7438D0,Customer Information | Service Selection | Customer Information,Document Verification
SESSION-0B7438D0,Customer Information | Service Selection | Customer Information | Document Verification,Installation
SESSION-0B7438D0,Customer Information | Service Selection | Customer Information | Document Verification | Installation,Activation
SESSION-0B7438D0,Customer Information | Service Selection | Customer Information | Document Verification | Installation | Activation,Customer Information
SESSION-0BA90118,Customer Information,Identity Verification
SESSION-0BA90118,Customer Information | Identity Verification,Document Verification
SESSION-0BA90118,Customer Information | Identity Verification | Document Verification,Account Information
SESSION-0BA90118,Customer Information | Identity Verification | Document Verification | Account Information,Onboarding Confirmation
SESSION-0BC3DC6F,Customer Information,Identity Verification
SESSION-0BC3DC6F,Customer Information | Identity Verification,Document Verification
SESSION-0BC3DC6F,Customer Information | Identity Verification | Document Verification,Account Information
SESSION-0BC3DC6F,Customer Information | Identity Verification | Document Verification | Account Information,Onboarding Confirmation
SESSION-0BEF0B22,Customer Information,Identity Verification
SESSION-0BEF0B22,Customer Information | Identity Verification,Document Verification
SESSION-0BEF0B22,Customer Information | Identity Verification | Document Verification,Account Information
SESSION-0BEF0B22,Customer Information | Identity Verification | Document Verification | Account Information,Onboarding Confirmation
SESSION-0C1D3BAD,Customer Information,Service Selection
SESSION-0C1D3BAD,Customer Information | Service Selection,Document Verification
SESSION-0C1D3BAD,Customer Information | Service Selection | Document Verification,Installation
SESSION-0C1D3BAD,Customer Information | Service Selection | Document Verification | Installation,Activation
SESSION-0C34AB14,Customer Information,Identity Verification
SESSION-0C34AB14,Customer Information | Identity Verification,Customer Information
SESSION-0C34AB14,Customer Information | Identity Verification | Customer Information,Document Verification
SESSION-0C34AB14,Customer Information | Identity Verification | Customer Information | Document Verification,Account Information
SESSION-0C34AB14,Customer Information | Identity Verification | Customer Information | Document Verification | Account Information,Onboarding Confirmation
SESSION-0C3B89F3,Customer Information,Identity Verification
SESSION-0C3B89F3,Customer Information | Identity Verification,Document Verification
SESSION-0C3B89F3,Customer Information | Identity Verification | Document Verification,Account Information
SESSION-0C3B89F3,Customer Information | Identity Verification | Document Verification | Account Information,Onboarding Confirmation
SESSION-0DA87DA1,Customer Information,Service Selection
SESSION-0DA87DA1,Customer Information | Service Selection,Document Verification
SESSION-0DA87DA1,Customer Information | Service Selection | Document Verification,Installation
SESSION-0DA87DA1,Customer Information | Service Selection | Document Verification | Installation,Activation
SESSION-0DF46754,Customer Information,Service Selection
SESSION-0DF46754,Customer Information | Service Selection,Document Verification
SESSION-0DF46754,Customer Information | Service Selection | Document Verification,Installation
SESSION-0DF46754,Customer Information | Service Selection | Document Verification | Installation,Activation
SESSION-0DFDB026,Customer Information,Identity Verification
SESSION-0DFDB026,Customer Information | Identity Verification,Document Verification
SESSION-0DFDB026,Customer Information | Identity Verification | Document Verification,Account Information
SESSION-0DFDB026,Customer Information | Identity Verification | Document Verification | Account Information,Onboarding Confirmation
SESSION-0E02D4AA,Customer Information,Identity Verification
SESSION-0E02D4AA,Customer Information | Identity Verification,Document Verification
SESSION-0E02D4AA,Customer Information | Identity Verification | Document Verification,Account Information
SESSION-0E02D4AA,Customer Information | Identity Verification | Document Verification | Account Information,Onboarding Confirmation
SESSION-0E4080F8,Customer Information,Service Selection
SESSION-0E4080F8,Customer Information | Service Selection,Document Verification
SESSION-0E4080F8,Customer Information | Service Selection | Document Verification,Installation
SESSION-0E4080F8,Customer Information | Service Selection | Document Verification | Installation,Activation
SESSION-0E52D304,Service Selection,Activation
SESSION-0E960CDC,Customer Information,Identity Verification
SESSION-0E960CDC,Customer Information | Identity Verification,Document Verification
SESSION-0E960CDC,Customer Information | Identity Verification | Document Verification,Account Information
SESSION-0E960CDC,Customer Information | Identity Verification | Document Verification | Account Information,Onboarding Confirmation
SESSION-0EC66AB9,Customer Information,Identity Verification
SESSION-0EC66AB9,Customer Information | Identity Verification,Document Verification
SESSION-0EC66AB9,Customer Information | Identity Verification | Document Verification,Account Information
SESSION-0EC66AB9,Customer Information | Identity Verification | Document Verification | Account Information,Onboarding Confirmation
SESSION-0EDE6CBD,Customer Information,Identity Verification
SESSION-0EDE6CBD,Customer Information | Identity Verification,Document Verification
SESSION-0EDE6CBD,Customer Information | Identity Verification | Document Verification,Account Information
SESSION-0EDE6CBD,Customer Information | Identity Verification | Document Verification | Account Information,Onboarding Confirmation
SESSION-0F11DADF,Customer Information,Document Verification
SESSION-0F11DADF,Customer Information | Document Verification,Installation
SESSION-0F11DADF,Customer Information | Document Verification | Installation,Activation
SESSION-0F5CB198,Customer Information,Service Selection
SESSION-0F5CB198,Customer Information | Service Selection,Document Verification
SESSION-0F5CB198,Customer Information | Service Selection | Document Verification,Installation
SESSION-0F5CB198,Customer Information | Service Selection | Document Verification | Installation,Activation
SESSION-0FF87319,Customer Information,Identity Verification
SESSION-0FF87319,Customer Information | Identity Verification,Document Verification
SESSION-0FF87319,Customer Information | Identity Verification | Document Verification,Account Information
SESSION-0FF87319,Customer Information | Identity Verification | Document Verification | Account Information,Onboarding Confirmation
SESSION-10094BD2,Customer Information,Identity Verification
SESSION-10094BD2,Customer Information | Identity Verification,Document Verification
SESSION-10094BD2,Customer Information | Identity Verification | Document Verification,Account Information
SESSION-10094BD2,Customer Information | Identity Verification | Document Verification | Account Information,Onboarding Confirmation
SESSION-101FD791,Customer Information,Service Selection
SESSION-101FD791,Customer Information | Service Selection,Document Verification
SESSION-101FD791,Customer Information | Service Selection | Document Verification,Installation
SESSION-101FD791,Customer Information | Service Selection | Document Verification | Installation,Activation
SESSION-103D7885,Customer Information,Service Selection
SESSION-103D7885,Customer Information | Service Selection,Document Verification
SESSION-103D7885,Customer Information | Service Selection | Document Verification,Service Selection
SESSION-103D7885,Customer Information | Service Selection | Document Verification | Service Selection,Installation
SESSION-103D7885,Customer Information | Service Selection | Document Verification | Service Selection | Installation,Service Selection
SESSION-103D7885,Customer Information | Service Selection | Document Verification | Service Selection | Installation | Service Selection,Activation
SESSION-104495D5,Customer Information,Identity Verification
SESSION-104495D5,Customer Information | Identity Verification,Document Verification
SESSION-104495D5,Customer Information | Identity Verification | Document Verification,Account Information
SESSION-104495D5,Customer Information | Identity Verification | Document Verification | Account Information,Onboarding Confirmation
SESSION-10A6E880,Customer Information,Service Selection
SESSION-10A6E880,Customer Information | Service Selection,Document Verification
SESSION-10A6E880,Customer Information | Service Selection | Document Verification,Installation
SESSION-10A6E880,Customer Information | Service Selection | Document Verification | Installation,Activation
SESSION-10B9C0BD,Customer Information,Service Selection
SESSION-10B9C0BD,Customer Information | Service Selection,Document Verification
SESSION-10B9C0BD,Customer Information | Service Selection | Document Verification,Installation
SESSION-10B9C0BD,Customer Information | Service Selection | Document Verification | Installation,Activation
SESSION-114D7A95,Customer Information,Service Selection
SESSION-114D7A95,Customer Information | Service Selection,Document Verification
SESSION-114D7A95,Customer Information | Service Selection | Document Verification,Installation
SESSION-114D7A95,Customer Information | Service Selection | Document Verification | Installation,Activation
SESSION-11A8CB4A,Customer Information,Service Selection
SESSION-11A8CB4A,Customer Information | Service Selection,Document Verification
SESSION-11A8CB4A,Customer Information | Service Selection | Document Verification,Installation
SESSION-11A8CB4A,Customer Information | Service Selection | Document Verification | Installation,Activation
SESSION-12195E46,Document Verification,Onboarding Confirmation
SESSION-12C6ADF3,Customer Information,Service Selection
SESSION-12C6ADF3,Customer Information | Service Selection,Document Verification
SESSION-12C6ADF3,Customer Information | Service Selection | Document Verification,Installation
SESSION-12C6ADF3,Customer Information | Service Selection | Document Verification | Installation,Activation
SESSION-12E0CDD8,Customer Information,Identity Verification
SESSION-12E0CDD8,Customer Information | Identity Verification,Document Verification
SESSION-12E0CDD8,Customer Information | Identity Verification | Document Verification,Account Information
SESSION-12E0CDD8,Customer Information | Identity Verification | Document Verification | Account Information,Onboarding Confirmation
SESSION-12ED0AC7,Customer Information,Service Selection
SESSION-12ED0AC7,Customer Information | Service Selection,Document Verification
SESSION-12ED0AC7,Customer Information | Service Selection | Document Verification,Installation
SESSION-12ED0AC7,Customer Information | Service Selection | Document Verification | Installation,Activation
SESSION-1301003C,Customer Information,Service Selection
SESSION-1301003C,Customer Information | Service Selection,Document Verification
SESSION-1301003C,Customer Information | Service Selection | Document Verification,Installation
SESSION-1301003C,Customer Information | Service Selection | Document Verification | Installation,Activation
SESSION-132D3DA7,Customer Information,Service Selection
SESSION-132D3DA7,Customer Information | Service Selection,Document Verification
SESSION-132D3DA7,Customer Information | Service Selection | Document Verification,Installation
SESSION-132D3DA7,Customer Information | Service Selection | Document Verification | Installation,Activation
SESSION-135BE03B,Customer Information,Service Selection
SESSION-135BE03B,Customer Information | Service Selection,Document Verification
SESSION-135BE03B,Customer Information | Service Selection | Document Verification,Installation
SESSION-135BE03B,Customer Information | Service Selection | Document Verification | Installation,Activation
SESSION-1369D9DE,Customer Information,Service Selection
SESSION-1369D9DE,Customer Information | Service Selection,Document Verification
SESSION-1369D9DE,Customer Information | Service Selection | Document Verification,Installation
SESSION-1369D9DE,Customer Information | Service Selection | Document Verification | Installation,Activation
SESSION-137633C7,Customer Information,Identity Verification
SESSION-137633C7,Customer Information | Identity Verification,Document Verification
SESSION-137633C7,Customer Information | Identity Verification | Document Verification,Account Information
SESSION-137633C7,Customer Information | Identity Verification | Document Verification | Account Information,Onboarding Confirmation
SESSION-13A7F183,Customer Information,Identity Verification
SESSION-13A7F183,Customer Information | Identity Verification,Document Verification
SESSION-13A7F183,Customer Information | Identity Verification | Document Verification,Account Information
SESSION-13A7F183,Customer Information | Identity Verification | Document Verification | Account Information,Onboarding Confirmation
SESSION-13AE5460,Customer Information,Service Selection
SESSION-13AE5460,Customer Information | Service Selection,Document Verification
SESSION-13AE5460,Customer Information | Service Selection | Document Verification,Installation
SESSION-13AE5460,Customer Information | Service Selection | Document Verification | Installation,Activation
SESSION-142E6467,Customer Information,Identity Verification
SESSION-142E6467,Customer Information | Identity Verification,Document Verification
SESSION-142E6467,Customer Information | Identity Verification | Document Verification,Account Information
SESSION-142E6467,Customer Information | Identity Verification | Document Verification | Account Information,Onboarding Confirmation
SESSION-14341233,Customer Information,Service Selection
SESSION-14341233,Customer Information | Service Selection,Document Verification
SESSION-14341233,Customer Information | Service Selection | Document Verification,Installation
SESSION-14341233,Customer Information | Service Selection | Document Verification | Installation,Activation
SESSION-1477E882,Customer Information,Service Selection
SESSION-1477E882,Customer Information | Service Selection,Document Verification
SESSION-1477E882,Customer Information | Service Selection | Document Verification,Installation
SESSION-1477E882,Customer Information | Service Selection | Document Verification | Installation,Activation
SESSION-1488B48B,Customer Information,Service Selection
SESSION-1488B48B,Customer Information | Service Selection,Document Verification
SESSION-1488B48B,Customer Information | Service Selection | Document Verification,Installation
SESSION-1488B48B,Customer Information | Service Selection | Document Verification | Installation,Activation
SESSION-14A6BB89,Customer Information,Identity Verification
SESSION-14A6BB89,Customer Information | Identity Verification,Document Verification
SESSION-14A6BB89,Customer Information | Identity Verification | Document Verification,Account Information
SESSION-14A6BB89,Customer Information | Identity Verification | Document Verification | Account Information,Onboarding Confirmation
SESSION-153FBC28,Customer Information,Identity Verification
SESSION-153FBC28,Customer Information | Identity Verification,Document Verification
SESSION-153FBC28,Customer Information | Identity Verification | Document Verification,Account Information
SESSION-153FBC28,Customer Information | Identity Verification | Document Verification | Account Information,Onboarding Confirmation
SESSION-156DCF09,Customer Information,Service Selection
SESSION-156DCF09,Customer Information | Service Selection,Document Verification
SESSION-156DCF09,Customer Information | Service Selection | Document Verification,Installation
SESSION-156DCF09,Customer Information | Service Selection | Document Verification | Installation,Activation
SESSION-16597317,Customer Information,Service Selection
SESSION-16597317,Customer Information | Service Selection,Document Verification
SESSION-16597317,Customer Information | Service Selection | Document Verification,Installation
SESSION-16597317,Customer Information | Service Selection | Document Verification | Installation,Activation
SESSION-16659A27,Customer Information,Identity Verification
SESSION-16659A27,Customer Information | Identity Verification,Document Verification
SESSION-16659A27,Customer Information | Identity Verification | Document Verification,Account Information
SESSION-16659A27,Customer Information | Identity Verification | Document Verification | Account Information,Onboarding Confirmation
SESSION-1677AC02,Customer Information,Service Selection
SESSION-1677AC02,Customer Information | Service Selection,Document Verification
SESSION-1677AC02,Customer Information | Service Selection | Document Verification,Installation
SESSION-1677AC02,Customer Information | Service Selection | Document Verification | Installation,Activation
SESSION-1713194C,Customer Information,Service Selection
SESSION-1713194C,Customer Information | Service Selection,Document Verification
SESSION-1713194C,Customer Information | Service Selection | Document Verification,Installation
SESSION-1713194C,Customer Information | Service Selection | Document Verification | Installation,Activation
SESSION-1750CF7F,Identity Verification,Document Verification
SESSION-1750CF7F,Identity Verification | Document Verification,Onboarding Confirmation
SESSION-175F0B03,Customer Information,Identity Verification
SESSION-175F0B03,Customer Information | Identity Verification,Document Verification
SESSION-175F0B03,Customer Information | Identity Verification | Document Verification,Account Information
SESSION-175F0B03,Customer Information | Identity Verification | Document Verification | Account Information,Onboarding Confirmation
SESSION-1767EE7C,Customer Information,Identity Verification
SESSION-1767EE7C,Customer Information | Identity Verification,Document Verification
SESSION-1767EE7C,Customer Information | Identity Verification | Document Verification,Account Information
SESSION-1767EE7C,Customer Information | Identity Verification | Document Verification | Account Information,Onboarding Confirmation
SESSION-17809FD8,Customer Information,Service Selection
SESSION-17809FD8,Customer Information | Service Selection,Document Verification
SESSION-17809FD8,Customer Information | Service Selection | Document Verification,Installation
SESSION-17809FD8,Customer Information | Service Selection | Document Verification | Installation,Activation
SESSION-17868375,Customer Information,Service Selection
SESSION-17868375,Customer Information | Service Selection,Document Verification
SESSION-17868375,Customer Information | Service Selection | Document Verification,Installation
SESSION-17868375,Customer Information | Service Selection | Document Verification | Installation,Activation
SESSION-179E81A1,Customer Information,Service Selection
SESSION-179E81A1,Customer Information | Service Selection,Document Verification
SESSION-179E81A1,Customer Information | Service Selection | Document Verification,Installation
SESSION-179E81A1,Customer Information | Service Selection | Document Verification | Installation,Activation
SESSION-17A9AD7E,Customer Information,Identity Verification
SESSION-17A9AD7E,Customer Information | Identity Verification,Document Verification
SESSION-17A9AD7E,Customer Information | Identity Verification | Document Verification,Account Information
SESSION-17A9AD7E,Customer Information | Identity Verification | Document Verification | Account Information,Onboarding Confirmation
SESSION-17CF5FFD,Account Information,Onboarding Confirmation
SESSION-17F91FAA,Customer Information,Identity Verification
SESSION-17F91FAA,Customer Information | Identity Verification,Document Verification
SESSION-17F91FAA,Customer Information | Identity Verification | Document Verification,Account Information
SESSION-17F91FAA,Customer Information | Identity Verification | Document Verification | Account Information,Onboarding Confirmation
SESSION-188A1511,Customer Information,Service Selection
SESSION-188A1511,Customer Information | Service Selection,Document Verification
SESSION-188A1511,Customer Information | Service Selection | Document Verification,Service Selection
SESSION-188A1511,Customer Information | Service Selection | Document Verification | Service Selection,Installation
SESSION-188A1511,Customer Information | Service Selection | Document Verification | Service Selection | Installation,Activation
SESSION-1895B7E9,Customer Information,Service Selection
SESSION-1895B7E9,Customer Information | Service Selection,Document Verification
SESSION-1895B7E9,Customer Information | Service Selection | Document Verification,Installation
SESSION-1895B7E9,Customer Information | Service Selection | Document Verification | Installation,Activation
SESSION-195BE860,Customer Information,Identity Verification
SESSION-195BE860,Customer Information | Identity Verification,Document Verification
SESSION-195BE860,Customer Information | Identity Verification | Document Verification,Account Information
SESSION-195BE860,Customer Information | Identity Verification | Document Verification | Account Information,Onboarding Confirmation
SESSION-19F17443,Customer Information,Service Selection
SESSION-19F17443,Customer Information | Service Selection,Document Verification
SESSION-19F17443,Customer Information | Service Selection | Document Verification,Installation
SESSION-19F17443,Customer Information | Service Selection | Document Verification | Installation,Activation
SESSION-19F84FE8,Customer Information,Identity Verification
SESSION-19F84FE8,Customer Information | Identity Verification,Document Verification
SESSION-19F84FE8,Customer Information | Identity Verification | Document Verification,Account Information
SESSION-19F84FE8,Customer Information | Identity Verification | Document Verification | Account Information,Onboarding Confirmation
SESSION-1A10B308,Customer Information,Identity Verification
SESSION-1A10B308,Customer Information | Identity Verification,Document Verification
SESSION-1A10B308,Customer Information | Identity Verification | Document Verification,Account Information
SESSION-1A10B308,Customer Information | Identity Verification | Document Verification | Account Information,Onboarding Confirmation
SESSION-1A4535E9,Customer Information,Identity Verification
SESSION-1A4535E9,Customer Information | Identity Verification,Document Verification
SESSION-1A4535E9,Customer Information | Identity Verification | Document Verification,Account Information
SESSION-1A4535E9,Customer Information | Identity Verification | Document Verification | Account Information,Onboarding Confirmation
SESSION-1B0A4041,Customer Information,Service Selection
SESSION-1B0A4041,Customer Information | Service Selection,Document Verification
SESSION-1B0A4041,Customer Information | Service Selection | Document Verification,Installation
SESSION-1B0A4041,Customer Information | Service Selection | Document Verification | Installation,Activation
SESSION-1B1E0303,Customer Information,Identity Verification
SESSION-1B1E0303,Customer Information | Identity Verification,Document Verification
SESSION-1B1E0303,Customer Information | Identity Verification | Document Verification,Account Information
SESSION-1B1E0303,Customer Information | Identity Verification | Document Verification | Account Information,Onboarding Confirmation
SESSION-1B54D063,Customer Information,Service Selection
SESSION-1B54D063,Customer Information | Service Selection,Document Verification
SESSION-1B54D063,Customer Information | Service Selection | Document Verification,Installation
SESSION-1B54D063,Customer Information | Service Selection | Document Verification | Installation,Service Selection
SESSION-1B54D063,Customer Information | Service Selection | Document Verification | Installation | Service Selection,Activation
SESSION-1BF773D1,Customer Information,Service Selection
SESSION-1BF773D1,Customer Information | Service Selection,Document Verification
SESSION-1BF773D1,Customer Information | Service Selection | Document Verification,Installation
SESSION-1BF773D1,Customer Information | Service Selection | Document Verification | Installation,Activation
SESSION-1BFB05E5,Customer Information,Service Selection
SESSION-1BFB05E5,Customer Information | Service Selection,Document Verification
SESSION-1BFB05E5,Customer Information | Service Selection | Document Verification,Installation
SESSION-1BFB05E5,Customer Information | Service Selection | Document Verification | Installation,Activation
SESSION-1C03E783,Customer Information,Service Selection
SESSION-1C03E783,Customer Information | Service Selection,Document Verification
SESSION-1C03E783,Customer Information | Service Selection | Document Verification,Installation
SESSION-1C03E783,Customer Information | Service Selection | Document Verification | Installation,Activation
SESSION-1C368282,Customer Information,Service Selection
SESSION-1C368282,Customer Information | Service Selection,Document Verification
SESSION-1C368282,Customer Information | Service Selection | Document Verification,Installation
SESSION-1C368282,Customer Information | Service Selection | Document Verification | Installation,Activation
SESSION-1C38136A,Customer Information,Service Selection
SESSION-1C38136A,Customer Information | Service Selection,Document Verification
SESSION-1C38136A,Customer Information | Service Selection | Document Verification,Installation
SESSION-1C38136A,Customer Information | Service Selection | Document Verification | Installation,Activation
SESSION-1C56912B,Customer Information,Installation
SESSION-1C56912B,Customer Information | Installation,Activation
SESSION-1CBB6B6E,Customer Information,Service Selection
SESSION-1CBB6B6E,Customer Information | Service Selection,Document Verification
SESSION-1CBB6B6E,Customer Information | Service Selection | Document Verification,Installation
SESSION-1CBB6B6E,Customer Information | Service Selection | Document Verification | Installation,Activation
SESSION-1D2FDA0A,Customer Information,Identity Verification
SESSION-1D2FDA0A,Customer Information | Identity Verification,Document Verification
SESSION-1D2FDA0A,Customer Information | Identity Verification | Document Verification,Account Information
SESSION-1D2FDA0A,Customer Information | Identity Verification | Document Verification | Account Information,Onboarding Confirmation
SESSION-1D6F2927,Customer Information,Service Selection
SESSION-1D6F2927,Customer Information | Service Selection,Document Verification
SESSION-1D6F2927,Customer Information | Service Selection | Document Verification,Installation
SESSION-1D6F2927,Customer Information | Service Selection | Document Verification | Installation,Activation
SESSION-1DD4D99C,Customer Information,Identity Verification
SESSION-1DD4D99C,Customer Information | Identity Verification,Document Verification
SESSION-1DD4D99C,Customer Information | Identity Verification | Document Verification,Account Information
SESSION-1DD4D99C,Customer Information | Identity Verification | Document Verification | Account Information,Onboarding Confirmation
SESSION-1E11FBEF,Customer Information,Service Selection
SESSION-1E11FBEF,Customer Information | Service Selection,Document Verification
SESSION-1E11FBEF,Customer Information | Service Selection | Document Verification,Installation
SESSION-1E11FBEF,Customer Information | Service Selection | Document Verification | Installation,Activation
SESSION-1E43564B,Customer Information,Service Selection
SESSION-1E43564B,Customer Information | Service Selection,Document Verification
SESSION-1E43564B,Customer Information | Service Selection | Document Verification,Installation
SESSION-1E43564B,Customer Information | Service Selection | Document Verification | Installation,Activation
SESSION-1E460B4C,Customer Information,Service Selection
SESSION-1E460B4C,Customer Information | Service Selection,Document Verification
SESSION-1E460B4C,Customer Information | Service Selection | Document Verification,Installation
SESSION-1E460B4C,Customer Information | Service Selection | Document Verification | Installation,Activation
SESSION-1E4C1C26,Customer Information,Service Selection
SESSION-1E4C1C26,Customer Information | Service Selection,Document Verification
SESSION-1E4C1C26,Customer Information | Service Selection | Document Verification,Installation
SESSION-1E4C1C26,Customer Information | Service Selection | Document Verification | Installation,Activation
SESSION-1E4D62AA,Customer Information,Service Selection
SESSION-1E4D62AA,Customer Information | Service Selection,Document Verification
SESSION-1E4D62AA,Customer Information | Service Selection | Document Verification,Installation
SESSION-1E4D62AA,Customer Information | Service Selection | Document Verification | Installation,Activation
SESSION-1EF0106B,Customer Information,Identity Verification
SESSION-1EF0106B,Customer Information | Identity Verification,Document Verification
SESSION-1EF0106B,Customer Information | Identity Verification | Document Verification,Account Information
SESSION-1EF0106B,Customer Information | Identity Verification | Document Verification | Account Information,Onboarding Confirmation
SESSION-1F3E65A7,Customer Information,Service Selection
SESSION-1F3E65A7,Customer Information | Service Selection,Document Verification
SESSION-1F3E65A7,Customer Information | Service Selection | Document Verification,Installation
SESSION-1F3E65A7,Customer Information | Service Selection | Document Verification | Installation,Activation
SESSION-1F3FBD06,Customer Information,Service Selection
SESSION-1F3FBD06,Customer Information | Service Selection,Document Verification
SESSION-1F3FBD06,Customer Information | Service Selection | Document Verification,Installation
SESSION-1F3FBD06,Customer Information | Service Selection | Document Verification | Installation,Activation
SESSION-1F8D7F38,Customer Information,Identity Verification
SESSION-1F8D7F38,Customer Information | Identity Verification,Document Verification
SESSION-1F8D7F38,Customer Information | Identity Verification | Document Verification,Account Information
SESSION-1F8D7F38,Customer Information | Identity Verification | Document Verification | Account Information,Onboarding Confirmation
SESSION-1F998056,Customer Information,Identity Verification
SESSION-1F998056,Customer Information | Identity Verification,Document Verification
SESSION-1F998056,Customer Information | Identity Verification | Document Verification,Account Information
SESSION-1F998056,Customer Information | Identity Verification | Document Verification | Account Information,Onboarding Confirmation
SESSION-1F9B2788,Customer Information,Service Selection
SESSION-1F9B2788,Customer Information | Service Selection,Document Verification
SESSION-1F9B2788,Customer Information | Service Selection | Document Verification,Installation
SESSION-1F9B2788,Customer Information | Service Selection | Document Verification | Installation,Activation
SESSION-1FBF1FDE,Customer Information,Service Selection
SESSION-1FBF1FDE,Customer Information | Service Selection,Document Verification
SESSION-1FBF1FDE,Customer Information | Service Selection | Document Verification,Installation
SESSION-1FBF1FDE,Customer Information | Service Selection | Document Verification | Installation,Activation
SESSION-1FF9B6C3,Customer Information,Identity Verification
SESSION-1FF9B6C3,Customer Information | Identity Verification,Customer Information
SESSION-1FF9B6C3,Customer Information | Identity Verification | Customer Information,Document Verification
SESSION-1FF9B6C3,Customer Information | Identity Verification | Customer Information | Document Verification,Account Information
SESSION-1FF9B6C3,Customer Information | Identity Verification | Customer Information | Document Verification | Account Information,Onboarding Confirmation
SESSION-1FF9B6C3,Customer Information | Identity Verification | Customer Information | Document Verification | Account Information | Onboarding Confirmation,Identity Verification
SESSION-204F585F,Customer Information,Service Selection
SESSION-204F585F,Customer Information | Service Selection,Document Verification
SESSION-204F585F,Customer Information | Service Selection | Document Verification,Installation
SESSION-204F585F,Customer Information | Service Selection | Document Verification | Installation,Activation
SESSION-20614586,Customer Information,Service Selection
SESSION-20614586,Customer Information | Service Selection,Document Verification
SESSION-20614586,Customer Information | Service Selection | Document Verification,Installation
SESSION-20614586,Customer Information | Service Selection | Document Verification | Installation,Activation
SESSION-20AE1C6B,Customer Information,Service Selection
SESSION-20AE1C6B,Customer Information | Service Selection,Document Verification
SESSION-20AE1C6B,Customer Information | Service Selection | Document Verification,Installation
SESSION-20AE1C6B,Customer Information | Service Selection | Document Verification | Installation,Customer Information
SESSION-20AE1C6B,Customer Information | Service Selection | Document Verification | Installation | Customer Information,Activation
SESSION-2105AA38,Customer Information,Identity Verification
SESSION-2105AA38,Customer Information | Identity Verification,Document Verification
SESSION-2105AA38,Customer Information | Identity Verification | Document Verification,Onboarding Confirmation
SESSION-21151F97,Customer Information,Service Selection
SESSION-21151F97,Customer Information | Service Selection,Document Verification
SESSION-21151F97,Customer Information | Service Selection | Document Verification,Installation
SESSION-21151F97,Customer Information | Service Selection | Document Verification | Installation,Activation
SESSION-2155C253,Customer Information,Identity Verification
SESSION-2155C253,Customer Information | Identity Verification,Document Verification
SESSION-2155C253,Customer Information | Identity Verification | Document Verification,Account Information
SESSION-2155C253,Customer Information | Identity Verification | Document Verification | Account Information,Onboarding Confirmation
SESSION-2162266F,Customer Information,Identity Verification
SESSION-2162266F,Customer Information | Identity Verification,Document Verification
SESSION-2162266F,Customer Information | Identity Verification | Document Verification,Account Information
SESSION-2162266F,Customer Information | Identity Verification | Document Verification | Account Information,Onboarding Confirmation
SESSION-219DB565,Customer Information,Identity Verification
SESSION-219DB565,Customer Information | Identity Verification,Document Verification
SESSION-219DB565,Customer Information | Identity Verification | Document Verification,Account Information
SESSION-219DB565,Customer Information | Identity Verification | Document Verification | Account Information,Onboarding Confirmation
SESSION-21C15B58,Customer Information,Service Selection
SESSION-21C15B58,Customer Information | Service Selection,Document Verification
SESSION-21C15B58,Customer Information | Service Selection | Document Verification,Installation
SESSION-21C15B58,Customer Information | Service Selection | Document Verification | Installation,Activation
SESSION-21C3A8D5,Customer Information,Service Selection
SESSION-21C3A8D5,Customer Information | Service Selection,Document Verification
SESSION-21C3A8D5,Customer Information | Service Selection | Document Verification,Installation
SESSION-21C3A8D5,Customer Information | Service Selection | Document Verification | Installation,Activation
SESSION-2231FD39,Customer Information,Identity Verification
SESSION-2231FD39,Customer Information | Identity Verification,Document Verification
SESSION-2231FD39,Customer Information | Identity Verification | Document Verification,Account Information
SESSION-2231FD39,Customer Information | Identity Verification | Document Verification | Account Information,Onboarding Confirmation
SESSION-22566FBF,Customer Information,Service Selection
SESSION-22566FBF,Customer Information | Service Selection,Document Verification
SESSION-22566FBF,Customer Information | Service Selection | Document Verification,Installation
SESSION-22566FBF,Customer Information | Service Selection | Document Verification | Installation,Activation
SESSION-225D986B,Customer Information,Identity Verification
SESSION-225D986B,Customer Information | Identity Verification,Document Verification
SESSION-225D986B,Customer Information | Identity Verification | Document Verification,Account Information
SESSION-225D986B,Customer Information | Identity Verification | Document Verification | Account Information,Onboarding Confirmation
SESSION-22824CF4,Customer Information,Service Selection
SESSION-22824CF4,Customer Information | Service Selection,Document Verification
SESSION-22824CF4,Customer Information | Service Selection | Document Verification,Installation
SESSION-22824CF4,Customer Information | Service Selection | Document Verification | Installation,Activation
SESSION-22B4C006,Customer Information,Service Selection
SESSION-22B4C006,Customer Information | Service Selection,Document Verification
SESSION-22B4C006,Customer Information | Service Selection | Document Verification,Installation
SESSION-22B4C006,Customer Information | Service Selection | Document Verification | Installation,Activation
SESSION-22C36BAF,Customer Information,Service Selection
SESSION-22C36BAF,Customer Information | Service Selection,Document Verification
SESSION-22C36BAF,Customer Information | Service Selection | Document Verification,Installation
SESSION-22C36BAF,Customer Information | Service Selection | Document Verification | Installation,Activation
SESSION-2367A3D3,Customer Information,Service Selection
SESSION-2367A3D3,Customer Information | Service Selection,Document Verification
SESSION-2367A3D3,Customer Information | Service Selection | Document Verification,Installation
SESSION-2367A3D3,Customer Information | Service Selection | Document Verification | Installation,Activation
SESSION-236C397E,Customer Information,Service Selection
SESSION-236C397E,Customer Information | Service Selection,Document Verification
SESSION-236C397E,Customer Information | Service Selection | Document Verification,Installation
SESSION-236C397E,Customer Information | Service Selection | Document Verification | Installation,Activation
SESSION-2374BACC,Customer Information,Service Selection
SESSION-2374BACC,Customer Information | Service Selection,Document Verification
SESSION-2374BACC,Customer Information | Service Selection | Document Verification,Installation
SESSION-2374BACC,Customer Information | Service Selection | Document Verification | Installation,Activation
SESSION-250530A2,Customer Information,Identity Verification
SESSION-250530A2,Customer Information | Identity Verification,Document Verification
SESSION-250530A2,Customer Information | Identity Verification | Document Verification,Account Information
SESSION-250530A2,Customer Information | Identity Verification | Document Verification | Account Information,Onboarding Confirmation
SESSION-254DF15D,Customer Information,Identity Verification
SESSION-254DF15D,Customer Information | Identity Verification,Document Verification
SESSION-254DF15D,Customer Information | Identity Verification | Document Verification,Account Information
SESSION-254DF15D,Customer Information | Identity Verification | Document Verification | Account Information,Onboarding Confirmation
SESSION-258367C5,Customer Information,Service Selection
SESSION-258367C5,Customer Information | Service Selection,Document Verification
SESSION-258367C5,Customer Information | Service Selection | Document Verification,Installation
SESSION-258367C5,Customer Information | Service Selection | Document Verification | Installation,Activation
SESSION-25E1808F,Customer Information,Service Selection
SESSION-25E1808F,Customer Information | Service Selection,Document Verification
SESSION-25E1808F,Customer Information | Service Selection | Document Verification,Installation
SESSION-25E1808F,Customer Information | Service Selection | Document Verification | Installation,Activation
SESSION-25F27AC2,Customer Information,Identity Verification
SESSION-25F27AC2,Customer Information | Identity Verification,Document Verification
SESSION-25F27AC2,Customer Information | Identity Verification | Document Verification,Account Information
SESSION-25F27AC2,Customer Information | Identity Verification | Document Verification | Account Information,Onboarding Confirmation
SESSION-25F35793,Customer Information,Service Selection
SESSION-25F35793,Customer Information | Service Selection,Document Verification
SESSION-25F35793,Customer Information | Service Selection | Document Verification,Installation
SESSION-25F35793,Customer Information | Service Selection | Document Verification | Installation,Activation
SESSION-266ACE7C,Customer Information,Service Selection
SESSION-266ACE7C,Customer Information | Service Selection,Document Verification
SESSION-266ACE7C,Customer Information | Service Selection | Document Verification,Installation
SESSION-266ACE7C,Customer Information | Service Selection | Document Verification | Installation,Activation
SESSION-266C0542,Customer Information,Service Selection
SESSION-266C0542,Customer Information | Service Selection,Document Verification
SESSION-266C0542,Customer Information | Service Selection | Document Verification,Installation
SESSION-266C0542,Customer Information | Service Selection | Document Verification | Installation,Activation
SESSION-269053CB,Customer Information,Identity Verification
SESSION-269053CB,Customer Information | Identity Verification,Document Verification
SESSION-269053CB,Customer Information | Identity Verification | Document Verification,Account Information
SESSION-269053CB,Customer Information | Identity Verification | Document Verification | Account Information,Onboarding Confirmation
SESSION-269053CB,Customer Information | Identity Verification | Document Verification | Account Information | Onboarding Confirmation,Document Verification
SESSION-2692799B,Customer Information,Identity Verification
SESSION-2692799B,Customer Information | Identity Verification,Document Verification
SESSION-2692799B,Customer Information | Identity Verification | Document Verification,Account Information
SESSION-2692799B,Customer Information | Identity Verification | Document Verification | Account Information,Onboarding Confirmation
SESSION-26E7B8B5,Customer Information,Service Selection
SESSION-26E7B8B5,Customer Information | Service Selection,Document Verification
SESSION-26E7B8B5,Customer Information | Service Selection | Document Verification,Installation
SESSION-26E7B8B5,Customer Information | Service Selection | Document Verification | Installation,Activation
SESSION-26EEBFAA,Customer Information,Service Selection
SESSION-26EEBFAA,Customer Information | Service Selection,Document Verification
SESSION-26EEBFAA,Customer Information | Service Selection | Document Verification,Installation
SESSION-26EEBFAA,Customer Information | Service Selection | Document Verification | Installation,Activation
SESSION-27438DCC,Customer Information,Identity Verification
SESSION-27438DCC,Customer Information | Identity Verification,Document Verification
SESSION-27438DCC,Customer Information | Identity Verification | Document Verification,Account Information
SESSION-27438DCC,Customer Information | Identity Verification | Document Verification | Account Information,Onboarding Confirmation
SESSION-274E3AF0,Customer Information,Identity Verification
SESSION-274E3AF0,Customer Information | Identity Verification,Document Verification
SESSION-274E3AF0,Customer Information | Identity Verification | Document Verification,Account Information
SESSION-274E3AF0,Customer Information | Identity Verification | Document Verification | Account Information,Onboarding Confirmation
SESSION-2764A26E,Customer Information,Service Selection
SESSION-2764A26E,Customer Information | Service Selection,Document Verification
SESSION-2764A26E,Customer Information | Service Selection | Document Verification,Installation
SESSION-2764A26E,Customer Information | Service Selection | Document Verification | Installation,Activation
SESSION-276EF040,Customer Information,Service Selection
SESSION-276EF040,Customer Information | Service Selection,Document Verification
SESSION-276EF040,Customer Information | Service Selection | Document Verification,Installation
SESSION-276EF040,Customer Information | Service Selection | Document Verification | Installation,Activation
SESSION-27B45452,Customer Information,Identity Verification
SESSION-27B45452,Customer Information | Identity Verification,Document Verification
SESSION-27B45452,Customer Information | Identity Verification | Document Verification,Account Information
SESSION-27B45452,Customer Information | Identity Verification | Document Verification | Account Information,Onboarding Confirmation
SESSION-27C28727,Customer Information,Identity Verification
SESSION-27C28727,Customer Information | Identity Verification,Document Verification
SESSION-27C28727,Customer Information | Identity Verification | Document Verification,Account Information
SESSION-27C28727,Customer Information | Identity Verification | Document Verification | Account Information,Onboarding Confirmation
SESSION-27F36758,Customer Information,Identity Verification
SESSION-27F36758,Customer Information | Identity Verification,Document Verification
SESSION-27F36758,Customer Information | Identity Verification | Document Verification,Account Information
SESSION-27F36758,Customer Information | Identity Verification | Document Verification | Account Information,Onboarding Confirmation
SESSION-2934088C,Customer Information,Identity Verification
SESSION-2934088C,Customer Information | Identity Verification,Document Verification
SESSION-2934088C,Customer Information | Identity Verification | Document Verification,Account Information
SESSION-2934088C,Customer Information | Identity Verification | Document Verification | Account Information,Onboarding Confirmation
SESSION-29AFD5EE,Customer Information,Identity Verification
SESSION-29AFD5EE,Customer Information | Identity Verification,Document Verification
SESSION-29AFD5EE,Customer Information | Identity Verification | Document Verification,Account Information
SESSION-29AFD5EE,Customer Information | Identity Verification | Document Verification | Account Information,Onboarding Confirmation
SESSION-29DB34BE,Customer Information,Service Selection
SESSION-29DB34BE,Customer Information | Service Selection,Document Verification
SESSION-29DB34BE,Customer Information | Service Selection | Document Verification,Installation
SESSION-29DB34BE,Customer Information | Service Selection | Document Verification | Installation,Activation
SESSION-29F4A005,Customer Information,Identity Verification
SESSION-29F4A005,Customer Information | Identity Verification,Document Verification
SESSION-29F4A005,Customer Information | Identity Verification | Document Verification,Account Information
SESSION-29F4A005,Customer Information | Identity Verification | Document Verification | Account Information,Onboarding Confirmation
SESSION-2A29C017,Customer Information,Document Verification
SESSION-2A29C017,Customer Information | Document Verification,Installation
SESSION-2A29C017,Customer Information | Document Verification | Installation,Activation
SESSION-2A66E2DE,Customer Information,Service Selection
SESSION-2A66E2DE,Customer Information | Service Selection,Document Verification
SESSION-2A66E2DE,Customer Information | Service Selection | Document Verification,Installation
SESSION-2A66E2DE,Customer Information | Service Selection | Document Verification | Installation,Activation
SESSION-2A79909D,Customer Information,Identity Verification
SESSION-2A79909D,Customer Information | Identity Verification,Document Verification
SESSION-2A79909D,Customer Information | Identity Verification | Document Verification,Account Information
SESSION-2A79909D,Customer Information | Identity Verification | Document Verification | Account Information,Onboarding Confirmation
SESSION-2A9442E6,Customer Information,Service Selection
SESSION-2A9442E6,Customer Information | Service Selection,Document Verification
SESSION-2A9442E6,Customer Information | Service Selection | Document Verification,Installation
SESSION-2A9442E6,Customer Information | Service Selection | Document Verification | Installation,Activation
SESSION-2AF747EE,Customer Information,Identity Verification
SESSION-2AF747EE,Customer Information | Identity Verification,Document Verification
SESSION-2AF747EE,Customer Information | Identity Verification | Document Verification,Account Information
SESSION-2AF747EE,Customer Information | Identity Verification | Document Verification | Account Information,Onboarding Confirmation
SESSION-2B0C1D04,Customer Information,Identity Verification
SESSION-2B0C1D04,Customer Information | Identity Verification,Document Verification
SESSION-2B0C1D04,Customer Information | Identity Verification | Document Verification,Account Information
SESSION-2B0C1D04,Customer Information | Identity Verification | Document Verification | Account Information,Onboarding Confirmation
SESSION-2B3FADF4,Customer Information,Service Selection
SESSION-2B3FADF4,Customer Information | Service Selection,Activation
SESSION-2B4195E3,Customer Information,Identity Verification
SESSION-2B4195E3,Customer Information | Identity Verification,Document Verification
SESSION-2B4195E3,Customer Information | Identity Verification | Document Verification,Account Information
SESSION-2B4195E3,Customer Information | Identity Verification | Document Verification | Account Information,Onboarding Confirmation
SESSION-2B4E688D,Customer Information,Identity Verification
SESSION-2B4E688D,Customer Information | Identity Verification,Document Verification
SESSION-2B4E688D,Customer Information | Identity Verification | Document Verification,Account Information
SESSION-2B4E688D,Customer Information | Identity Verification | Document Verification | Account Information,Onboarding Confirmation
SESSION-2BB7933A,Customer Information,Identity Verification
SESSION-2BB7933A,Customer Information | Identity Verification,Document Verification
SESSION-2BB7933A,Customer Information | Identity Verification | Document Verification,Account Information
SESSION-2BB7933A,Customer Information | Identity Verification | Document Verification | Account Information,Onboarding Confirmation
SESSION-2BCC4707,Customer Information,Identity Verification
SESSION-2BCC4707,Customer Information | Identity Verification,Document Verification
SESSION-2BCC4707,Customer Information | Identity Verification | Document Verification,Account Information
SESSION-2BCC4707,Customer Information | Identity Verification | Document Verification | Account Information,Onboarding Confirmation
SESSION-2BE37663,Customer Information,Identity Verification
SESSION-2BE37663,Customer Information | Identity Verification,Document Verification
SESSION-2BE37663,Customer Information | Identity Verification | Document Verification,Account Information
SESSION-2BE37663,Customer Information | Identity Verification | Document Verification | Account Information,Onboarding Confirmation
SESSION-2C43485E,Customer Information,Identity Verification
SESSION-2C43485E,Customer Information | Identity Verification,Document Verification
SESSION-2C43485E,Customer Information | Identity Verification | Document Verification,Account Information
SESSION-2C43485E,Customer Information | Identity Verification | Document Verification | Account Information,Onboarding Confirmation
SESSION-2C51AFF4,Customer Information,Identity Verification
SESSION-2C51AFF4,Customer Information | Identity Verification,Document Verification
SESSION-2C51AFF4,Customer Information | Identity Verification | Document Verification,Account Information
SESSION-2C51AFF4,Customer Information | Identity Verification | Document Verification | Account Information,Onboarding Confirmation
SESSION-2C9BC33C,Customer Information,Identity Verification
SESSION-2C9BC33C,Customer Information | Identity Verification,Document Verification
SESSION-2C9BC33C,Customer Information | Identity Verification | Document Verification,Account Information
SESSION-2C9BC33C,Customer Information | Identity Verification | Document Verification | Account Information,Onboarding Confirmation
SESSION-2CA0157F,Customer Information,Service Selection
SESSION-2CA0157F,Customer Information | Service Selection,Document Verification
SESSION-2CA0157F,Customer Information | Service Selection | Document Verification,Installation
SESSION-2CA0157F,Customer Information | Service Selection | Document Verification | Installation,Activation
SESSION-2CCCF913,Customer Information,Service Selection
SESSION-2CCCF913,Customer Information | Service Selection,Document Verification
SESSION-2CCCF913,Customer Information | Service Selection | Document Verification,Installation
SESSION-2CCCF913,Customer Information | Service Selection | Document Verification | Installation,Activation
SESSION-2D4E8C61,Customer Information,Identity Verification
SESSION-2D4E8C61,Customer Information | Identity Verification,Document Verification
SESSION-2D4E8C61,Customer Information | Identity Verification | Document Verification,Account Information
SESSION-2D4E8C61,Customer Information | Identity Verification | Document Verification | Account Information,Onboarding Confirmation
SESSION-2D82A4C2,Customer Information,Identity Verification
SESSION-2D82A4C2,Customer Information | Identity Verification,Document Verification
SESSION-2D82A4C2,Customer Information | Identity Verification | Document Verification,Account Information
SESSION-2D82A4C2,Customer Information | Identity Verification | Document Verification | Account Information,Onboarding Confirmation
SESSION-2D8B453A,Customer Information,Service Selection
SESSION-2D8B453A,Customer Information | Service Selection,Document Verification
SESSION-2D8B453A,Customer Information | Service Selection | Document Verification,Installation
SESSION-2D8B453A,Customer Information | Service Selection | Document Verification | Installation,Activation
SESSION-2D94C412,Customer Information,Identity Verification
SESSION-2D94C412,Customer Information | Identity Verification,Document Verification
SESSION-2D94C412,Customer Information | Identity Verification | Document Verification,Account Information
SESSION-2D94C412,Customer Information | Identity Verification | Document Verification | Account Information,Onboarding Confirmation
SESSION-2DB5976F,Customer Information,Identity Verification
SESSION-2DB5976F,Customer Information | Identity Verification,Customer Information
SESSION-2DB5976F,Customer Information | Identity Verification | Customer Information,Document Verification
SESSION-2DB5976F,Customer Information | Identity Verification | Customer Information | Document Verification,Account Information
SESSION-2DB5976F,Customer Information | Identity Verification | Customer Information | Document Verification | Account Information,Onboarding Confirmation
SESSION-2F2C1AE2,Customer Information,Service Selection
SESSION-2F2C1AE2,Customer Information | Service Selection,Document Verification
SESSION-2F2C1AE2,Customer Information | Service Selection | Document Verification,Installation
SESSION-2F2C1AE2,Customer Information | Service Selection | Document Verification | Installation,Activation
SESSION-2F2FEC22,Customer Information,Identity Verification
SESSION-2F2FEC22,Customer Information | Identity Verification,Document Verification
SESSION-2F2FEC22,Customer Information | Identity Verification | Document Verification,Account Information
SESSION-2F2FEC22,Customer Information | Identity Verification | Document Verification | Account Information,Onboarding Confirmation
SESSION-2F474E25,Customer Information,Service Selection
SESSION-2F474E25,Customer Information | Service Selection,Document Verification
SESSION-2F474E25,Customer Information | Service Selection | Document Verification,Installation
SESSION-2F474E25,Customer Information | Service Selection | Document Verification | Installation,Activation
SESSION-2F7C7941,Customer Information,Document Verification
SESSION-2F7C7941,Customer Information | Document Verification,Account Information
SESSION-2F7C7941,Customer Information | Document Verification | Account Information,Onboarding Confirmation
SESSION-2F7EEA4E,Customer Information,Identity Verification
SESSION-2F7EEA4E,Customer Information | Identity Verification,Document Verification
SESSION-2F7EEA4E,Customer Information | Identity Verification | Document Verification,Account Information
SESSION-2F7EEA4E,Customer Information | Identity Verification | Document Verification | Account Information,Onboarding Confirmation
SESSION-2F872E67,Customer Information,Identity Verification
SESSION-2F872E67,Customer Information | Identity Verification,Document Verification
SESSION-2F872E67,Customer Information | Identity Verification | Document Verification,Account Information
SESSION-2F872E67,Customer Information | Identity Verification | Document Verification | Account Information,Onboarding Confirmation
SESSION-302EE7F0,Customer Information,Service Selection
SESSION-302EE7F0,Customer Information | Service Selection,Document Verification
SESSION-302EE7F0,Customer Information | Service Selection | Document Verification,Installation
SESSION-302EE7F0,Customer Information | Service Selection | Document Verification | Installation,Activation
SESSION-305351DF,Customer Information,Identity Verification
SESSION-305351DF,Customer Information | Identity Verification,Document Verification
SESSION-305351DF,Customer Information | Identity Verification | Document Verification,Account Information
SESSION-305351DF,Customer Information | Identity Verification | Document Verification | Account Information,Onboarding Confirmation
SESSION-315BECAD,Customer Information,Service Selection
SESSION-315BECAD,Customer Information | Service Selection,Document Verification
SESSION-315BECAD,Customer Information | Service Selection | Document Verification,Installation
SESSION-315BECAD,Customer Information | Service Selection | Document Verification | Installation,Activation
SESSION-316658FA,Customer Information,Service Selection
SESSION-316658FA,Customer Information | Service Selection,Document Verification
SESSION-316658FA,Customer Information | Service Selection | Document Verification,Installation
SESSION-316658FA,Customer Information | Service Selection | Document Verification | Installation,Activation
SESSION-318B556F,Customer Information,Service Selection
SESSION-318B556F,Customer Information | Service Selection,Document Verification
SESSION-318B556F,Customer Information | Service Selection | Document Verification,Installation
SESSION-318B556F,Customer Information | Service Selection | Document Verification | Installation,Activation
SESSION-319EBA7F,Customer Information,Service Selection
SESSION-319EBA7F,Customer Information | Service Selection,Document Verification
SESSION-319EBA7F,Customer Information | Service Selection | Document Verification,Installation
SESSION-319EBA7F,Customer Information | Service Selection | Document Verification | Installation,Activation
SESSION-31E6E0BF,Customer Information,Service Selection
SESSION-31E6E0BF,Customer Information | Service Selection,Document Verification
SESSION-31E6E0BF,Customer Information | Service Selection | Document Verification,Installation
SESSION-31E6E0BF,Customer Information | Service Selection | Document Verification | Installation,Activation
SESSION-31FF6E6B,Customer Information,Identity Verification
SESSION-31FF6E6B,Customer Information | Identity Verification,Document Verification
SESSION-31FF6E6B,Customer Information | Identity Verification | Document Verification,Account Information
SESSION-31FF6E6B,Customer Information | Identity Verification | Document Verification | Account Information,Onboarding Confirmation
SESSION-320C0CD2,Customer Information,Identity Verification
SESSION-320C0CD2,Customer Information | Identity Verification,Document Verification
SESSION-320C0CD2,Customer Information | Identity Verification | Document Verification,Account Information
SESSION-320C0CD2,Customer Information | Identity Verification | Document Verification | Account Information,Onboarding Confirmation
SESSION-321CBFC2,Customer Information,Identity Verification
SESSION-321CBFC2,Customer Information | Identity Verification,Document Verification
SESSION-321CBFC2,Customer Information | Identity Verification | Document Verification,Account Information
SESSION-321CBFC2,Customer Information | Identity Verification | Document Verification | Account Information,Onboarding Confirmation
SESSION-321FB383,Customer Information,Identity Verification
SESSION-321FB383,Customer Information | Identity Verification,Document Verification
SESSION-321FB383,Customer Information | Identity Verification | Document Verification,Account Information
SESSION-321FB383,Customer Information | Identity Verification | Document Verification | Account Information,Onboarding Confirmation
SESSION-32226773,Customer Information,Identity Verification
SESSION-32226773,Customer Information | Identity Verification,Document Verification
SESSION-32226773,Customer Information | Identity Verification | Document Verification,Account Information
SESSION-32226773,Customer Information | Identity Verification | Document Verification | Account Information,Onboarding Confirmation
SESSION-32C7BC3B,Customer Information,Service Selection
SESSION-32C7BC3B,Customer Information | Service Selection,Document Verification
SESSION-32C7BC3B,Customer Information | Service Selection | Document Verification,Installation
SESSION-32C7BC3B,Customer Information | Service Selection | Document Verification | Installation,Activation
SESSION-32EEC79B,Customer Information,Identity Verification
SESSION-32EEC79B,Customer Information | Identity Verification,Document Verification
SESSION-32EEC79B,Customer Information | Identity Verification | Document Verification,Account Information
SESSION-32EEC79B,Customer Information | Identity Verification | Document Verification | Account Information,Onboarding Confirmation
SESSION-32F499AF,Customer Information,Service Selection
SESSION-32F499AF,Customer Information | Service Selection,Document Verification
SESSION-32F499AF,Customer Information | Service Selection | Document Verification,Installation
SESSION-32F499AF,Customer Information | Service Selection | Document Verification | Installation,Activation
SESSION-330B0952,Customer Information,Identity Verification
SESSION-330B0952,Customer Information | Identity Verification,Document Verification
SESSION-330B0952,Customer Information | Identity Verification | Document Verification,Account Information
SESSION-330B0952,Customer Information | Identity Verification | Document Verification | Account Information,Onboarding Confirmation
SESSION-33672E2C,Customer Information,Identity Verification
SESSION-33672E2C,Customer Information | Identity Verification,Document Verification
SESSION-33672E2C,Customer Information | Identity Verification | Document Verification,Account Information
SESSION-33672E2C,Customer Information | Identity Verification | Document Verification | Account Information,Onboarding Confirmation
SESSION-3370F9EE,Customer Information,Identity Verification
SESSION-3370F9EE,Customer Information | Identity Verification,Document Verification
SESSION-3370F9EE,Customer Information | Identity Verification | Document Verification,Account Information
SESSION-3370F9EE,Customer Information | Identity Verification | Document Verification | Account Information,Onboarding Confirmation
SESSION-3371F005,Customer Information,Identity Verification
SESSION-3371F005,Customer Information | Identity Verification,Document Verification
SESSION-3371F005,Customer Information | Identity Verification | Document Verification,Account Information
SESSION-3371F005,Customer Information | Identity Verification | Document Verification | Account Information,Onboarding Confirmation
SESSION-33743A25,Customer Information,Service Selection
SESSION-33743A25,Customer Information | Service Selection,Document Verification
SESSION-33743A25,Customer Information | Service Selection | Document Verification,Installation
SESSION-33743A25,Customer Information | Service Selection | Document Verification | Installation,Activation
SESSION-338ABB2F,Customer Information,Identity Verification
SESSION-338ABB2F,Customer Information | Identity Verification,Document Verification
SESSION-338ABB2F,Customer Information | Identity Verification | Document Verification,Account Information
SESSION-338ABB2F,Customer Information | Identity Verification | Document Verification | Account Information,Onboarding Confirmation
SESSION-338B67A7,Customer Information,Service Selection
SESSION-338B67A7,Customer Information | Service Selection,Document Verification
SESSION-338B67A7,Customer Information | Service Selection | Document Verification,Installation
SESSION-338B67A7,Customer Information | Service Selection | Document Verification | Installation,Activation
SESSION-33BFCAC2,Customer Information,Identity Verification
SESSION-33BFCAC2,Customer Information | Identity Verification,Document Verification
SESSION-33BFCAC2,Customer Information | Identity Verification | Document Verification,Account Information
SESSION-33BFCAC2,Customer Information | Identity Verification | Document Verification | Account Information,Onboarding Confirmation
SESSION-33D53C6C,Customer Information,Service Selection
SESSION-33D53C6C,Customer Information | Service Selection,Document Verification
SESSION-33D53C6C,Customer Information | Service Selection | Document Verification,Installation
SESSION-33D53C6C,Customer Information | Service Selection | Document Verification | Installation,Activation
SESSION-341204D5,Customer Information,Service Selection
SESSION-341204D5,Customer Information | Service Selection,Document Verification
SESSION-341204D5,Customer Information | Service Selection | Document Verification,Installation
SESSION-341204D5,Customer Information | Service Selection | Document Verification | Installation,Activation
SESSION-343611D8,Customer Information,Service Selection
SESSION-343611D8,Customer Information | Service Selection,Document Verification
SESSION-343611D8,Customer Information | Service Selection | Document Verification,Installation
SESSION-343611D8,Customer Information | Service Selection | Document Verification | Installation,Activation
SESSION-343611D8,Customer Information | Service Selection | Document Verification | Installation | Activation,Service Selection
SESSION-3439C31D,Customer Information,Identity Verification
SESSION-3439C31D,Customer Information | Identity Verification,Document Verification
SESSION-3439C31D,Customer Information | Identity Verification | Document Verification,Account Information
SESSION-3439C31D,Customer Information | Identity Verification | Document Verification | Account Information,Onboarding Confirmation
SESSION-34644CC4,Customer Information,Identity Verification
SESSION-34644CC4,Customer Information | Identity Verification,Document Verification
SESSION-34644CC4,Customer Information | Identity Verification | Document Verification,Account Information
SESSION-34644CC4,Customer Information | Identity Verification | Document Verification | Account Information,Onboarding Confirmation
SESSION-348B16B2,Customer Information,Service Selection
SESSION-348B16B2,Customer Information | Service Selection,Document Verification
SESSION-348B16B2,Customer Information | Service Selection | Document Verification,Installation
SESSION-348B16B2,Customer Information | Service Selection | Document Verification | Installation,Activation
SESSION-34A0CCB3,Customer Information,Identity Verification
SESSION-34A0CCB3,Customer Information | Identity Verification,Document Verification
SESSION-34A0CCB3,Customer Information | Identity Verification | Document Verification,Account Information
SESSION-34A0CCB3,Customer Information | Identity Verification | Document Verification | Account Information,Onboarding Confirmation
SESSION-34A9AAD6,Customer Information,Service Selection
SESSION-34A9AAD6,Customer Information | Service Selection,Document Verification
SESSION-34A9AAD6,Customer Information | Service Selection | Document Verification,Installation
SESSION-34A9AAD6,Customer Information | Service Selection | Document Verification | Installation,Activation
SESSION-34E48FDC,Customer Information,Identity Verification
SESSION-34E48FDC,Customer Information | Identity Verification,Customer Information
SESSION-34E48FDC,Customer Information | Identity Verification | Customer Information,Document Verification
SESSION-34E48FDC,Customer Information | Identity Verification | Customer Information | Document Verification,Account Information
SESSION-34E48FDC,Customer Information | Identity Verification | Customer Information | Document Verification | Account Information,Onboarding Confirmation
SESSION-34F0D4B3,Service Selection,Installation
SESSION-34F0D4B3,Service Selection | Installation,Activation
SESSION-35108134,Customer Information,Identity Verification
SESSION-35108134,Customer Information | Identity Verification,Document Verification
SESSION-35108134,Customer Information | Identity Verification | Document Verification,Account Information
SESSION-35108134,Customer Information | Identity Verification | Document Verification | Account Information,Onboarding Confirmation
SESSION-35B0386E,Customer Information,Service Selection
SESSION-35B0386E,Customer Information | Service Selection,Document Verification
SESSION-35B0386E,Customer Information | Service Selection | Document Verification,Installation
SESSION-35B0386E,Customer Information | Service Selection | Document Verification | Installation,Activation
SESSION-365168CC,Customer Information,Service Selection
SESSION-365168CC,Customer Information | Service Selection,Document Verification
SESSION-365168CC,Customer Information | Service Selection | Document Verification,Installation
SESSION-365168CC,Customer Information | Service Selection | Document Verification | Installation,Activation
SESSION-36D9A89B,Customer Information,Onboarding Confirmation
SESSION-3743CF61,Customer Information,Service Selection
SESSION-3743CF61,Customer Information | Service Selection,Document Verification
SESSION-3743CF61,Customer Information | Service Selection | Document Verification,Installation
SESSION-3743CF61,Customer Information | Service Selection | Document Verification | Installation,Activation
SESSION-37B2BA26,Customer Information,Identity Verification
SESSION-37B2BA26,Customer Information | Identity Verification,Document Verification
SESSION-37B2BA26,Customer Information | Identity Verification | Document Verification,Account Information
SESSION-37B2BA26,Customer Information | Identity Verification | Document Verification | Account Information,Onboarding Confirmation
SESSION-37B45369,Customer Information,Identity Verification
SESSION-37B45369,Customer Information | Identity Verification,Document Verification
SESSION-37B45369,Customer Information | Identity Verification | Document Verification,Account Information
SESSION-37B45369,Customer Information | Identity Verification | Document Verification | Account Information,Onboarding Confirmation
SESSION-37FB0B54,Customer Information,Identity Verification
SESSION-37FB0B54,Customer Information | Identity Verification,Document Verification
SESSION-37FB0B54,Customer Information | Identity Verification | Document Verification,Account Information
SESSION-37FB0B54,Customer Information | Identity Verification | Document Verification | Account Information,Onboarding Confirmation
SESSION-386087E4,Customer Information,Service Selection
SESSION-386087E4,Customer Information | Service Selection,Document Verification
SESSION-386087E4,Customer Information | Service Selection | Document Verification,Installation
SESSION-386087E4,Customer Information | Service Selection | Document Verification | Installation,Activation
SESSION-38A5D291,Customer Information,Identity Verification
SESSION-38A5D291,Customer Information | Identity Verification,Document Verification
SESSION-38A5D291,Customer Information | Identity Verification | Document Verification,Account Information
SESSION-38A5D291,Customer Information | Identity Verification | Document Verification | Account Information,Onboarding Confirmation
SESSION-38C679B8,Customer Information,Identity Verification
SESSION-38C679B8,Customer Information | Identity Verification,Document Verification
SESSION-38C679B8,Customer Information | Identity Verification | Document Verification,Account Information
SESSION-38C679B8,Customer Information | Identity Verification | Document Verification | Account Information,Onboarding Confirmation
SESSION-38D3614A,Customer Information,Service Selection
SESSION-38D3614A,Customer Information | Service Selection,Document Verification
SESSION-38D3614A,Customer Information | Service Selection | Document Verification,Installation
SESSION-38D3614A,Customer Information | Service Selection | Document Verification | Installation,Activation
SESSION-38DCE341,Customer Information,Service Selection
SESSION-38DCE341,Customer Information | Service Selection,Document Verification
SESSION-38DCE341,Customer Information | Service Selection | Document Verification,Installation
SESSION-38DCE341,Customer Information | Service Selection | Document Verification | Installation,Activation
SESSION-3929F649,Customer Information,Service Selection
SESSION-3929F649,Customer Information | Service Selection,Document Verification
SESSION-3929F649,Customer Information | Service Selection | Document Verification,Installation
SESSION-3929F649,Customer Information | Service Selection | Document Verification | Installation,Activation
SESSION-393B4AE5,Customer Information,Service Selection
SESSION-393B4AE5,Customer Information | Service Selection,Document Verification
SESSION-393B4AE5,Customer Information | Service Selection | Document Verification,Installation
SESSION-393B4AE5,Customer Information | Service Selection | Document Verification | Installation,Activation
SESSION-39850A2B,Customer Information,Service Selection
SESSION-39850A2B,Customer Information | Service Selection,Document Verification
SESSION-39850A2B,Customer Information | Service Selection | Document Verification,Installation
SESSION-39850A2B,Customer Information | Service Selection | Document Verification | Installation,Activation
SESSION-39F37464,Customer Information,Identity Verification
SESSION-39F37464,Customer Information | Identity Verification,Document Verification
SESSION-39F37464,Customer Information | Identity Verification | Document Verification,Account Information
SESSION-39F37464,Customer Information | Identity Verification | Document Verification | Account Information,Onboarding Confirmation
SESSION-3A8FDF3E,Customer Information,Service Selection
SESSION-3A8FDF3E,Customer Information | Service Selection,Document Verification
SESSION-3A8FDF3E,Customer Information | Service Selection | Document Verification,Installation
SESSION-3A8FDF3E,Customer Information | Service Selection | Document Verification | Installation,Activation
SESSION-3AC0301F,Customer Information,Identity Verification
SESSION-3AC0301F,Customer Information | Identity Verification,Document Verification
SESSION-3AC0301F,Customer Information | Identity Verification | Document Verification,Account Information
SESSION-3AC0301F,Customer Information | Identity Verification | Document Verification | Account Information,Onboarding Confirmation
SESSION-3ACAA410,Customer Information,Service Selection
SESSION-3ACAA410,Customer Information | Service Selection,Document Verification
SESSION-3ACAA410,Customer Information | Service Selection | Document Verification,Installation
SESSION-3ACAA410,Customer Information | Service Selection | Document Verification | Installation,Activation
SESSION-3AEFFA79,Customer Information,Identity Verification
SESSION-3AEFFA79,Customer Information | Identity Verification,Customer Information
SESSION-3AEFFA79,Customer Information | Identity Verification | Customer Information,Document Verification
SESSION-3AEFFA79,Customer Information | Identity Verification | Customer Information | Document Verification,Account Information
SESSION-3AEFFA79,Customer Information | Identity Verification | Customer Information | Document Verification | Account Information,Onboarding Confirmation
SESSION-3B590511,Customer Information,Service Selection
SESSION-3B590511,Customer Information | Service Selection,Document Verification
SESSION-3B590511,Customer Information | Service Selection | Document Verification,Installation
SESSION-3B590511,Customer Information | Service Selection | Document Verification | Installation,Activation
SESSION-3BBA618F,Customer Information,Identity Verification
SESSION-3BBA618F,Customer Information | Identity Verification,Document Verification
SESSION-3BBA618F,Customer Information | Identity Verification | Document Verification,Account Information
SESSION-3BBA618F,Customer Information | Identity Verification | Document Verification | Account Information,Onboarding Confirmation
SESSION-3BE199A7,Customer Information,Service Selection
SESSION-3BE199A7,Customer Information | Service Selection,Document Verification
SESSION-3BE199A7,Customer Information | Service Selection | Document Verification,Installation
SESSION-3BE199A7,Customer Information | Service Selection | Document Verification | Installation,Activation
SESSION-3BED84D5,Customer Information,Identity Verification
SESSION-3BED84D5,Customer Information | Identity Verification,Document Verification
SESSION-3BED84D5,Customer Information | Identity Verification | Document Verification,Account Information
SESSION-3BED84D5,Customer Information | Identity Verification | Document Verification | Account Information,Onboarding Confirmation
SESSION-3C11F95E,Customer Information,Identity Verification
SESSION-3C11F95E,Customer Information | Identity Verification,Document Verification
SESSION-3C11F95E,Customer Information | Identity Verification | Document Verification,Account Information
SESSION-3C11F95E,Customer Information | Identity Verification | Document Verification | Account Information,Onboarding Confirmation
SESSION-3C156E5E,Customer Information,Installation
SESSION-3C156E5E,Customer Information | Installation,Activation
SESSION-3C59E0D3,Customer Information,Identity Verification
SESSION-3C59E0D3,Customer Information | Identity Verification,Document Verification
SESSION-3C59E0D3,Customer Information | Identity Verification | Document Verification,Account Information
SESSION-3C59E0D3,Customer Information | Identity Verification | Document Verification | Account Information,Onboarding Confirmation
SESSION-3C5F90A1,Customer Information,Identity Verification
SESSION-3C5F90A1,Customer Information | Identity Verification,Document Verification
SESSION-3C5F90A1,Customer Information | Identity Verification | Document Verification,Account Information
SESSION-3C5F90A1,Customer Information | Identity Verification | Document Verification | Account Information,Onboarding Confirmation
SESSION-3C7DF6E6,Customer Information,Service Selection
SESSION-3C7DF6E6,Customer Information | Service Selection,Document Verification
SESSION-3C7DF6E6,Customer Information | Service Selection | Document Verification,Installation
SESSION-3C7DF6E6,Customer Information | Service Selection | Document Verification | Installation,Activation
SESSION-3CAC35EE,Customer Information,Service Selection
SESSION-3CAC35EE,Customer Information | Service Selection,Document Verification
SESSION-3CAC35EE,Customer Information | Service Selection | Document Verification,Installation
SESSION-3CAC35EE,Customer Information | Service Selection | Document Verification | Installation,Activation
SESSION-3CFEAB9B,Customer Information,Identity Verification
SESSION-3CFEAB9B,Customer Information | Identity Verification,Document Verification
SESSION-3CFEAB9B,Customer Information | Identity Verification | Document Verification,Account Information
SESSION-3CFEAB9B,Customer Information | Identity Verification | Document Verification | Account Information,Onboarding Confirmation
SESSION-3D0B167A,Customer Information,Identity Verification
SESSION-3D0B167A,Customer Information | Identity Verification,Document Verification
SESSION-3D0B167A,Customer Information | Identity Verification | Document Verification,Account Information
SESSION-3D0B167A,Customer Information | Identity Verification | Document Verification | Account Information,Onboarding Confirmation
SESSION-3D0E45EB,Customer Information,Identity Verification
SESSION-3D0E45EB,Customer Information | Identity Verification,Document Verification
SESSION-3D0E45EB,Customer Information | Identity Verification | Document Verification,Account Information
SESSION-3D0E45EB,Customer Information | Identity Verification | Document Verification | Account Information,Onboarding Confirmation
SESSION-3D5EB2FC,Customer Information,Service Selection
SESSION-3D5EB2FC,Customer Information | Service Selection,Document Verification
SESSION-3D5EB2FC,Customer Information | Service Selection | Document Verification,Installation
SESSION-3D5EB2FC,Customer Information | Service Selection | Document Verification | Installation,Activation
SESSION-3D63048E,Customer Information,Identity Verification
SESSION-3D63048E,Customer Information | Identity Verification,Customer Information
SESSION-3D63048E,Customer Information | Identity Verification | Customer Information,Document Verification
SESSION-3D63048E,Customer Information | Identity Verification | Customer Information | Document Verification,Customer Information
SESSION-3D63048E,Customer Information | Identity Verification | Customer Information | Document Verification | Customer Information,Account Information
SESSION-3D63048E,Customer Information | Identity Verification | Customer Information | Document Verification | Customer Information | Account Information,Customer Information
SESSION-3D63048E,Customer Information | Identity Verification | Customer Information | Document Verification | Customer Information | Account Information | Customer Information,Onboarding Confirmation
SESSION-3D726671,Customer Information,Service Selection
SESSION-3D726671,Customer Information | Service Selection,Document Verification
SESSION-3D726671,Customer Information | Service Selection | Document Verification,Installation
SESSION-3D726671,Customer Information | Service Selection | Document Verification | Installation,Activation
SESSION-3D8CCF38,Customer Information,Identity Verification
SESSION-3D8CCF38,Customer Information | Identity Verification,Document Verification
SESSION-3D8CCF38,Customer Information | Identity Verification | Document Verification,Account Information
SESSION-3D8CCF38,Customer Information | Identity Verification | Document Verification | Account Information,Onboarding Confirmation
SESSION-3DA17452,Customer Information,Identity Verification
SESSION-3DA17452,Customer Information | Identity Verification,Document Verification
SESSION-3DA17452,Customer Information | Identity Verification | Document Verification,Account Information
SESSION-3DA17452,Customer Information | Identity Verification | Document Verification | Account Information,Onboarding Confirmation
SESSION-3DA591AD,Customer Information,Identity Verification
SESSION-3DA591AD,Customer Information | Identity Verification,Document Verification
SESSION-3DA591AD,Customer Information | Identity Verification | Document Verification,Account Information
SESSION-3DA591AD,Customer Information | Identity Verification | Document Verification | Account Information,Onboarding Confirmation
SESSION-3DCAB84B,Customer Information,Service Selection
SESSION-3DCAB84B,Customer Information | Service Selection,Document Verification
SESSION-3DCAB84B,Customer Information | Service Selection | Document Verification,Installation
SESSION-3DCAB84B,Customer Information | Service Selection | Document Verification | Installation,Activation
SESSION-3F855EDD,Customer Information,Identity Verification
SESSION-3F855EDD,Customer Information | Identity Verification,Document Verification
SESSION-3F855EDD,Customer Information | Identity Verification | Document Verification,Account Information
SESSION-3F855EDD,Customer Information | Identity Verification | Document Verification | Account Information,Onboarding Confirmation
SESSION-401D0DE8,Customer Information,Identity Verification
SESSION-401D0DE8,Customer Information | Identity Verification,Document Verification
SESSION-401D0DE8,Customer Information | Identity Verification | Document Verification,Account Information
SESSION-401D0DE8,Customer Information | Identity Verification | Document Verification | Account Information,Onboarding Confirmation
SESSION-4064C124,Customer Information,Service Selection
SESSION-4064C124,Customer Information | Service Selection,Document Verification
SESSION-4064C124,Customer Information | Service Selection | Document Verification,Installation
SESSION-4064C124,Customer Information | Service Selection | Document Verification | Installation,Activation
SESSION-409761E8,Customer Information,Identity Verification
SESSION-409761E8,Customer Information | Identity Verification,Document Verification
SESSION-409761E8,Customer Information | Identity Verification | Document Verification,Account Information
SESSION-409761E8,Customer Information | Identity Verification | Document Verification | Account Information,Onboarding Confirmation
SESSION-40ACB628,Customer Information,Identity Verification
SESSION-40ACB628,Customer Information | Identity Verification,Document Verification
SESSION-40ACB628,Customer Information | Identity Verification | Document Verification,Account Information
SESSION-40ACB628,Customer Information | Identity Verification | Document Verification | Account Information,Onboarding Confirmation
SESSION-40F99960,Customer Information,Service Selection
SESSION-40F99960,Customer Information | Service Selection,Document Verification
SESSION-40F99960,Customer Information | Service Selection | Document Verification,Installation
SESSION-40F99960,Customer Information | Service Selection | Document Verification | Installation,Activation
SESSION-410C8D79,Customer Information,Identity Verification
SESSION-410C8D79,Customer Information | Identity Verification,Document Verification
SESSION-410C8D79,Customer Information | Identity Verification | Document Verification,Account Information
SESSION-410C8D79,Customer Information | Identity Verification | Document Verification | Account Information,Onboarding Confirmation
SESSION-4155B5E0,Customer Information,Service Selection
SESSION-4155B5E0,Customer Information | Service Selection,Document Verification
SESSION-4155B5E0,Customer Information | Service Selection | Document Verification,Installation
SESSION-4155B5E0,Customer Information | Service Selection | Document Verification | Installation,Activation
SESSION-41B03371,Customer Information,Identity Verification
SESSION-41B03371,Customer Information | Identity Verification,Document Verification
SESSION-41B03371,Customer Information | Identity Verification | Document Verification,Account Information
SESSION-41B03371,Customer Information | Identity Verification | Document Verification | Account Information,Onboarding Confirmation
SESSION-4259017D,Customer Information,Identity Verification
SESSION-4259017D,Customer Information | Identity Verification,Document Verification
SESSION-4259017D,Customer Information | Identity Verification | Document Verification,Account Information
SESSION-4259017D,Customer Information | Identity Verification | Document Verification | Account Information,Onboarding Confirmation
SESSION-427B92BE,Customer Information,Identity Verification
SESSION-427B92BE,Customer Information | Identity Verification,Document Verification
SESSION-427B92BE,Customer Information | Identity Verification | Document Verification,Account Information
SESSION-427B92BE,Customer Information | Identity Verification | Document Verification | Account Information,Onboarding Confirmation
SESSION-42D656BF,Customer Information,Document Verification
SESSION-42D656BF,Customer Information | Document Verification,Account Information
SESSION-42D656BF,Customer Information | Document Verification | Account Information,Onboarding Confirmation
SESSION-42EFE0EB,Customer Information,Identity Verification
SESSION-42EFE0EB,Customer Information | Identity Verification,Document Verification
SESSION-42EFE0EB,Customer Information | Identity Verification | Document Verification,Account Information
SESSION-42EFE0EB,Customer Information | Identity Verification | Document Verification | Account Information,Onboarding Confirmation
SESSION-42F4DD8C,Customer Information,Identity Verification
SESSION-42F4DD8C,Customer Information | Identity Verification,Document Verification
SESSION-42F4DD8C,Customer Information | Identity Verification | Document Verification,Account Information
SESSION-42F4DD8C,Customer Information | Identity Verification | Document Verification | Account Information,Onboarding Confirmation
SESSION-4324E1B8,Customer Information,Identity Verification
SESSION-4324E1B8,Customer Information | Identity Verification,Document Verification
SESSION-4324E1B8,Customer Information | Identity Verification | Document Verification,Account Information
SESSION-4324E1B8,Customer Information | Identity Verification | Document Verification | Account Information,Onboarding Confirmation
SESSION-43516D7A,Customer Information,Service Selection
SESSION-43516D7A,Customer Information | Service Selection,Document Verification
SESSION-43516D7A,Customer Information | Service Selection | Document Verification,Installation
SESSION-43516D7A,Customer Information | Service Selection | Document Verification | Installation,Activation
SESSION-43A0226D,Customer Information,Identity Verification
SESSION-43A0226D,Customer Information | Identity Verification,Document Verification
SESSION-43A0226D,Customer Information | Identity Verification | Document Verification,Account Information
SESSION-43A0226D,Customer Information | Identity Verification | Document Verification | Account Information,Onboarding Confirmation
SESSION-43BAA190,Customer Information,Service Selection
SESSION-43BAA190,Customer Information | Service Selection,Document Verification
SESSION-43BAA190,Customer Information | Service Selection | Document Verification,Installation
SESSION-43BAA190,Customer Information | Service Selection | Document Verification | Installation,Activation
SESSION-43C3A700,Customer Information,Identity Verification
SESSION-43C3A700,Customer Information | Identity Verification,Document Verification
SESSION-43C3A700,Customer Information | Identity Verification | Document Verification,Account Information
SESSION-43C3A700,Customer Information | Identity Verification | Document Verification | Account Information,Onboarding Confirmation
SESSION-4492B74B,Customer Information,Identity Verification
SESSION-4492B74B,Customer Information | Identity Verification,Document Verification
SESSION-4492B74B,Customer Information | Identity Verification | Document Verification,Account Information
SESSION-4492B74B,Customer Information | Identity Verification | Document Verification | Account Information,Onboarding Confirmation
SESSION-4492B74B,Customer Information | Identity Verification | Document Verification | Account Information | Onboarding Confirmation,Document Verification
SESSION-44DA744F,Customer Information,Service Selection
SESSION-44DA744F,Customer Information | Service Selection,Document Verification
SESSION-44DA744F,Customer Information | Service Selection | Document Verification,Installation
SESSION-44DA744F,Customer Information | Service Selection | Document Verification | Installation,Customer Information
SESSION-44DA744F,Customer Information | Service Selection | Document Verification | Installation | Customer Information,Activation
SESSION-450085CE,Customer Information,Service Selection
SESSION-450085CE,Customer Information | Service Selection,Document Verification
SESSION-450085CE,Customer Information | Service Selection | Document Verification,Installation
SESSION-450085CE,Customer Information | Service Selection | Document Verification | Installation,Activation
SESSION-45076477,Customer Information,Service Selection
SESSION-45076477,Customer Information | Service Selection,Document Verification
SESSION-45076477,Customer Information | Service Selection | Document Verification,Installation
SESSION-45076477,Customer Information | Service Selection | Document Verification | Installation,Activation
SESSION-4516B907,Customer Information,Service Selection
SESSION-4516B907,Customer Information | Service Selection,Document Verification
SESSION-4516B907,Customer Information | Service Selection | Document Verification,Installation
SESSION-4516B907,Customer Information | Service Selection | Document Verification | Installation,Activation
SESSION-4542C1C8,Customer Information,Identity Verification
SESSION-4542C1C8,Customer Information | Identity Verification,Document Verification
SESSION-4542C1C8,Customer Information | Identity Verification | Document Verification,Account Information
SESSION-4542C1C8,Customer Information | Identity Verification | Document Verification | Account Information,Onboarding Confirmation
SESSION-4577C795,Customer Information,Identity Verification
SESSION-4577C795,Customer Information | Identity Verification,Document Verification
SESSION-4577C795,Customer Information | Identity Verification | Document Verification,Account Information
SESSION-4577C795,Customer Information | Identity Verification | Document Verification | Account Information,Onboarding Confirmation
SESSION-45991723,Customer Information,Service Selection
SESSION-45991723,Customer Information | Service Selection,Document Verification
SESSION-45991723,Customer Information | Service Selection | Document Verification,Installation
SESSION-45991723,Customer Information | Service Selection | Document Verification | Installation,Activation
SESSION-45BED7DB,Customer Information,Identity Verification
SESSION-45BED7DB,Customer Information | Identity Verification,Document Verification
SESSION-45BED7DB,Customer Information | Identity Verification | Document Verification,Account Information
SESSION-45BED7DB,Customer Information | Identity Verification | Document Verification | Account Information,Onboarding Confirmation
SESSION-45F416F4,Customer Information,Identity Verification
SESSION-45F416F4,Customer Information | Identity Verification,Document Verification
SESSION-45F416F4,Customer Information | Identity Verification | Document Verification,Account Information
SESSION-45F416F4,Customer Information | Identity Verification | Document Verification | Account Information,Onboarding Confirmation
SESSION-461CFC91,Customer Information,Identity Verification
SESSION-461CFC91,Customer Information | Identity Verification,Document Verification
SESSION-461CFC91,Customer Information | Identity Verification | Document Verification,Account Information
SESSION-461CFC91,Customer Information | Identity Verification | Document Verification | Account Information,Onboarding Confirmation
SESSION-46DF486A,Customer Information,Identity Verification
SESSION-46DF486A,Customer Information | Identity Verification,Document Verification
SESSION-46DF486A,Customer Information | Identity Verification | Document Verification,Account Information
SESSION-46DF486A,Customer Information | Identity Verification | Document Verification | Account Information,Onboarding Confirmation
SESSION-47090EE0,Customer Information,Service Selection
SESSION-47090EE0,Customer Information | Service Selection,Document Verification
SESSION-47090EE0,Customer Information | Service Selection | Document Verification,Installation
SESSION-47090EE0,Customer Information | Service Selection | Document Verification | Installation,Activation
SESSION-4716D2B0,Customer Information,Identity Verification
SESSION-4716D2B0,Customer Information | Identity Verification,Document Verification
SESSION-4716D2B0,Customer Information | Identity Verification | Document Verification,Account Information
SESSION-4716D2B0,Customer Information | Identity Verification | Document Verification | Account Information,Onboarding Confirmation
SESSION-47545EC2,Customer Information,Service Selection
SESSION-47545EC2,Customer Information | Service Selection,Document Verification
SESSION-47545EC2,Customer Information | Service Selection | Document Verification,Installation
SESSION-47545EC2,Customer Information | Service Selection | Document Verification | Installation,Activation
SESSION-4778FE66,Customer Information,Identity Verification
SESSION-4778FE66,Customer Information | Identity Verification,Document Verification
SESSION-4778FE66,Customer Information | Identity Verification | Document Verification,Account Information
SESSION-4778FE66,Customer Information | Identity Verification | Document Verification | Account Information,Onboarding Confirmation
SESSION-479067E1,Customer Information,Service Selection
SESSION-479067E1,Customer Information | Service Selection,Document Verification
SESSION-479067E1,Customer Information | Service Selection | Document Verification,Installation
SESSION-479067E1,Customer Information | Service Selection | Document Verification | Installation,Activation
SESSION-4791701D,Customer Information,Identity Verification
SESSION-4791701D,Customer Information | Identity Verification,Document Verification
SESSION-4791701D,Customer Information | Identity Verification | Document Verification,Account Information
SESSION-4791701D,Customer Information | Identity Verification | Document Verification | Account Information,Onboarding Confirmation
SESSION-47B55A9D,Service Selection,Document Verification
SESSION-47B55A9D,Service Selection | Document Verification,Activation
SESSION-47C18576,Customer Information,Service Selection
SESSION-47C18576,Customer Information | Service Selection,Document Verification
SESSION-47C18576,Customer Information | Service Selection | Document Verification,Installation
SESSION-47C18576,Customer Information | Service Selection | Document Verification | Installation,Activation
SESSION-489BFF5A,Customer Information,Identity Verification
SESSION-489BFF5A,Customer Information | Identity Verification,Document Verification
SESSION-489BFF5A,Customer Information | Identity Verification | Document Verification,Account Information
SESSION-489BFF5A,Customer Information | Identity Verification | Document Verification | Account Information,Onboarding Confirmation
SESSION-48E481A9,Customer Information,Service Selection
SESSION-48E481A9,Customer Information | Service Selection,Document Verification
SESSION-48E481A9,Customer Information | Service Selection | Document Verification,Installation
SESSION-48E481A9,Customer Information | Service Selection | Document Verification | Installation,Activation
SESSION-48E86338,Customer Information,Service Selection
SESSION-48E86338,Customer Information | Service Selection,Document Verification
SESSION-48E86338,Customer Information | Service Selection | Document Verification,Installation
SESSION-48E86338,Customer Information | Service Selection | Document Verification | Installation,Customer Information
SESSION-48E86338,Customer Information | Service Selection | Document Verification | Installation | Customer Information,Activation
SESSION-48F19DBE,Customer Information,Identity Verification
SESSION-48F19DBE,Customer Information | Identity Verification,Document Verification
SESSION-48F19DBE,Customer Information | Identity Verification | Document Verification,Account Information
SESSION-48F19DBE,Customer Information | Identity Verification | Document Verification | Account Information,Onboarding Confirmation
SESSION-49012957,Customer Information,Document Verification
SESSION-49012957,Customer Information | Document Verification,Installation
SESSION-49012957,Customer Information | Document Verification | Installation,Activation
SESSION-492C81F1,Customer Information,Identity Verification
SESSION-492C81F1,Customer Information | Identity Verification,Document Verification
SESSION-492C81F1,Customer Information | Identity Verification | Document Verification,Account Information
SESSION-492C81F1,Customer Information | Identity Verification | Document Verification | Account Information,Onboarding Confirmation
SESSION-4933E5E5,Customer Information,Service Selection
SESSION-4933E5E5,Customer Information | Service Selection,Customer Information
SESSION-4933E5E5,Customer Information | Service Selection | Customer Information,Document Verification
SESSION-4933E5E5,Customer Information | Service Selection | Customer Information | Document Verification,Installation
SESSION-4933E5E5,Customer Information | Service Selection | Customer Information | Document Verification | Installation,Activation
SESSION-499C8595,Customer Information,Service Selection
SESSION-499C8595,Customer Information | Service Selection,Document Verification
SESSION-499C8595,Customer Information | Service Selection | Document Verification,Installation
SESSION-499C8595,Customer Information | Service Selection | Document Verification | Installation,Activation
SESSION-49C892C3,Customer Information,Identity Verification
SESSION-49C892C3,Customer Information | Identity Verification,Document Verification
SESSION-49C892C3,Customer Information | Identity Verification | Document Verification,Account Information
SESSION-49C892C3,Customer Information | Identity Verification | Document Verification | Account Information,Onboarding Confirmation
SESSION-49CB31D3,Customer Information,Identity Verification
SESSION-49CB31D3,Customer Information | Identity Verification,Document Verification
SESSION-49CB31D3,Customer Information | Identity Verification | Document Verification,Account Information
SESSION-49CB31D3,Customer Information | Identity Verification | Document Verification | Account Information,Onboarding Confirmation
SESSION-4A660FF6,Customer Information,Service Selection
SESSION-4A660FF6,Customer Information | Service Selection,Document Verification
SESSION-4A660FF6,Customer Information | Service Selection | Document Verification,Installation
SESSION-4A660FF6,Customer Information | Service Selection | Document Verification | Installation,Activation
SESSION-4A97098D,Customer Information,Service Selection
SESSION-4A97098D,Customer Information | Service Selection,Document Verification
SESSION-4A97098D,Customer Information | Service Selection | Document Verification,Installation
SESSION-4A97098D,Customer Information | Service Selection | Document Verification | Installation,Activation
SESSION-4AAEA21F,Customer Information,Identity Verification
SESSION-4AAEA21F,Customer Information | Identity Verification,Document Verification
SESSION-4AAEA21F,Customer Information | Identity Verification | Document Verification,Account Information
SESSION-4AAEA21F,Customer Information | Identity Verification | Document Verification | Account Information,Onboarding Confirmation
SESSION-4ABAC336,Customer Information,Identity Verification
SESSION-4ABAC336,Customer Information | Identity Verification,Customer Information
SESSION-4ABAC336,Customer Information | Identity Verification | Customer Information,Document Verification
SESSION-4ABAC336,Customer Information | Identity Verification | Customer Information | Document Verification,Account Information
SESSION-4ABAC336,Customer Information | Identity Verification | Customer Information | Document Verification | Account Information,Onboarding Confirmation
SESSION-4ABAC336,Customer Information | Identity Verification | Customer Information | Document Verification | Account Information | Onboarding Confirmation,Identity Verification
SESSION-4B974CA0,Customer Information,Service Selection
SESSION-4B974CA0,Customer Information | Service Selection,Document Verification
SESSION-4B974CA0,Customer Information | Service Selection | Document Verification,Installation
SESSION-4B974CA0,Customer Information | Service Selection | Document Verification | Installation,Activation
SESSION-4BBAA975,Customer Information,Identity Verification
SESSION-4BBAA975,Customer Information | Identity Verification,Document Verification
SESSION-4BBAA975,Customer Information | Identity Verification | Document Verification,Account Information
SESSION-4BBAA975,Customer Information | Identity Verification | Document Verification | Account Information,Onboarding Confirmation
SESSION-4CFA31EB,Document Verification,Installation
SESSION-4CFA31EB,Document Verification | Installation,Activation
SESSION-4CFF5424,Customer Information,Service Selection
SESSION-4CFF5424,Customer Information | Service Selection,Document Verification
SESSION-4CFF5424,Customer Information | Service Selection | Document Verification,Installation
SESSION-4CFF5424,Customer Information | Service Selection | Document Verification | Installation,Activation
SESSION-4D4E3E8B,Customer Information,Identity Verification
SESSION-4D4E3E8B,Customer Information | Identity Verification,Document Verification
SESSION-4D4E3E8B,Customer Information | Identity Verification | Document Verification,Account Information
SESSION-4D4E3E8B,Customer Information | Identity Verification | Document Verification | Account Information,Onboarding Confirmation
SESSION-4DCCA2F1,Customer Information,Identity Verification
SESSION-4DCCA2F1,Customer Information | Identity Verification,Document Verification
SESSION-4DCCA2F1,Customer Information | Identity Verification | Document Verification,Account Information
SESSION-4DCCA2F1,Customer Information | Identity Verification | Document Verification | Account Information,Onboarding Confirmation
SESSION-4DDC9ABD,Customer Information,Identity Verification
SESSION-4DDC9ABD,Customer Information | Identity Verification,Customer Information
SESSION-4DDC9ABD,Customer Information | Identity Verification | Customer Information,Document Verification
SESSION-4DDC9ABD,Customer Information | Identity Verification | Customer Information | Document Verification,Account Information
SESSION-4DDC9ABD,Customer Information | Identity Verification | Customer Information | Document Verification | Account Information,Onboarding Confirmation
SESSION-4E480D73,Customer Information,Service Selection
SESSION-4E480D73,Customer Information | Service Selection,Document Verification
SESSION-4E480D73,Customer Information | Service Selection | Document Verification,Installation
SESSION-4E480D73,Customer Information | Service Selection | Document Verification | Installation,Activation
SESSION-4E72D95F,Service Selection,Document Verification
SESSION-4E72D95F,Service Selection | Document Verification,Installation
SESSION-4E72D95F,Service Selection | Document Verification | Installation,Activation
SESSION-4EEAAFB6,Customer Information,Identity Verification
SESSION-4EEAAFB6,Customer Information | Identity Verification,Document Verification
SESSION-4EEAAFB6,Customer Information | Identity Verification | Document Verification,Account Information
SESSION-4EEAAFB6,Customer Information | Identity Verification | Document Verification | Account Information,Onboarding Confirmation
SESSION-4FD251CC,Customer Information,Identity Verification
SESSION-4FD251CC,Customer Information | Identity Verification,Document Verification
SESSION-4FD251CC,Customer Information | Identity Verification | Document Verification,Account Information
SESSION-4FD251CC,Customer Information | Identity Verification | Document Verification | Account Information,Onboarding Confirmation
SESSION-5089ED6C,Customer Information,Identity Verification
SESSION-5089ED6C,Customer Information | Identity Verification,Document Verification
SESSION-5089ED6C,Customer Information | Identity Verification | Document Verification,Account Information
SESSION-5089ED6C,Customer Information | Identity Verification | Document Verification | Account Information,Onboarding Confirmation
SESSION-51274D0D,Customer Information,Identity Verification
SESSION-51274D0D,Customer Information | Identity Verification,Document Verification
SESSION-51274D0D,Customer Information | Identity Verification | Document Verification,Account Information
SESSION-51274D0D,Customer Information | Identity Verification | Document Verification | Account Information,Onboarding Confirmation
SESSION-5130517C,Customer Information,Identity Verification
SESSION-5130517C,Customer Information | Identity Verification,Document Verification
SESSION-5130517C,Customer Information | Identity Verification | Document Verification,Account Information
SESSION-5130517C,Customer Information | Identity Verification | Document Verification | Account Information,Onboarding Confirmation
SESSION-513579B3,Customer Information,Identity Verification
SESSION-513579B3,Customer Information | Identity Verification,Document Verification
SESSION-513579B3,Customer Information | Identity Verification | Document Verification,Account Information
SESSION-513579B3,Customer Information | Identity Verification | Document Verification | Account Information,Onboarding Confirmation
SESSION-516AA83A,Customer Information,Identity Verification
SESSION-516AA83A,Customer Information | Identity Verification,Document Verification
SESSION-516AA83A,Customer Information | Identity Verification | Document Verification,Account Information
SESSION-516AA83A,Customer Information | Identity Verification | Document Verification | Account Information,Onboarding Confirmation
SESSION-51B039C3,Customer Information,Identity Verification
SESSION-51B039C3,Customer Information | Identity Verification,Document Verification
SESSION-51B039C3,Customer Information | Identity Verification | Document Verification,Account Information
SESSION-51B039C3,Customer Information | Identity Verification | Document Verification | Account Information,Onboarding Confirmation
SESSION-51F7F842,Customer Information,Identity Verification
SESSION-51F7F842,Customer Information | Identity Verification,Document Verification
SESSION-51F7F842,Customer Information | Identity Verification | Document Verification,Account Information
SESSION-51F7F842,Customer Information | Identity Verification | Document Verification | Account Information,Onboarding Confirmation
SESSION-521A4829,Customer Information,Service Selection
SESSION-521A4829,Customer Information | Service Selection,Document Verification
SESSION-521A4829,Customer Information | Service Selection | Document Verification,Installation
SESSION-521A4829,Customer Information | Service Selection | Document Verification | Installation,Activation
SESSION-52233883,Customer Information,Service Selection
SESSION-52233883,Customer Information | Service Selection,Customer Information
SESSION-52233883,Customer Information | Service Selection | Customer Information,Document Verification
SESSION-52233883,Customer Information | Service Selection | Customer Information | Document Verification,Service Selection
SESSION-52233883,Customer Information | Service Selection | Customer Information | Document Verification | Service Selection,Installation
SESSION-52233883,Customer Information | Service Selection | Customer Information | Document Verification | Service Selection | Installation,Activation
SESSION-522B98E3,Customer Information,Identity Verification
SESSION-522B98E3,Customer Information | Identity Verification,Document Verification
SESSION-522B98E3,Customer Information | Identity Verification | Document Verification,Account Information
SESSION-522B98E3,Customer Information | Identity Verification | Document Verification | Account Information,Onboarding Confirmation
SESSION-5242B40A,Customer Information,Identity Verification
SESSION-5242B40A,Customer Information | Identity Verification,Document Verification
SESSION-5242B40A,Customer Information | Identity Verification | Document Verification,Account Information
SESSION-5242B40A,Customer Information | Identity Verification | Document Verification | Account Information,Onboarding Confirmation
SESSION-524F4F94,Customer Information,Identity Verification
SESSION-524F4F94,Customer Information | Identity Verification,Document Verification
SESSION-524F4F94,Customer Information | Identity Verification | Document Verification,Account Information
SESSION-524F4F94,Customer Information | Identity Verification | Document Verification | Account Information,Onboarding Confirmation
SESSION-5270E713,Customer Information,Service Selection
SESSION-5270E713,Customer Information | Service Selection,Document Verification
SESSION-5270E713,Customer Information | Service Selection | Document Verification,Installation
SESSION-5270E713,Customer Information | Service Selection | Document Verification | Installation,Activation
SESSION-52839370,Customer Information,Identity Verification
SESSION-52839370,Customer Information | Identity Verification,Document Verification
SESSION-52839370,Customer Information | Identity Verification | Document Verification,Account Information
SESSION-52839370,Customer Information | Identity Verification | Document Verification | Account Information,Onboarding Confirmation
SESSION-52B0B407,Customer Information,Identity Verification
SESSION-52B0B407,Customer Information | Identity Verification,Document Verification
SESSION-52B0B407,Customer Information | Identity Verification | Document Verification,Account Information
SESSION-52B0B407,Customer Information | Identity Verification | Document Verification | Account Information,Onboarding Confirmation
SESSION-52BADE72,Customer Information,Service Selection
SESSION-52BADE72,Customer Information | Service Selection,Document Verification
SESSION-52BADE72,Customer Information | Service Selection | Document Verification,Installation
SESSION-52BADE72,Customer Information | Service Selection | Document Verification | Installation,Activation
SESSION-52BADE72,Customer Information | Service Selection | Document Verification | Installation | Activation,Customer Information
SESSION-530C5A6D,Customer Information,Service Selection
SESSION-530C5A6D,Customer Information | Service Selection,Document Verification
SESSION-530C5A6D,Customer Information | Service Selection | Document Verification,Installation
SESSION-530C5A6D,Customer Information | Service Selection | Document Verification | Installation,Activation
SESSION-535C0D01,Customer Information,Identity Verification
SESSION-535C0D01,Customer Information | Identity Verification,Document Verification
SESSION-535C0D01,Customer Information | Identity Verification | Document Verification,Account Information
SESSION-535C0D01,Customer Information | Identity Verification | Document Verification | Account Information,Onboarding Confirmation
SESSION-53973B6C,Customer Information,Service Selection
SESSION-53973B6C,Customer Information | Service Selection,Document Verification
SESSION-53973B6C,Customer Information | Service Selection | Document Verification,Installation
SESSION-53973B6C,Customer Information | Service Selection | Document Verification | Installation,Activation
SESSION-539FC4B8,Customer Information,Service Selection
SESSION-539FC4B8,Customer Information | Service Selection,Document Verification
SESSION-539FC4B8,Customer Information | Service Selection | Document Verification,Installation
SESSION-539FC4B8,Customer Information | Service Selection | Document Verification | Installation,Activation
SESSION-53A66A78,Customer Information,Service Selection
SESSION-53A66A78,Customer Information | Service Selection,Document Verification
SESSION-53A66A78,Customer Information | Service Selection | Document Verification,Installation
SESSION-53A66A78,Customer Information | Service Selection | Document Verification | Installation,Activation
SESSION-53A968DC,Customer Information,Service Selection
SESSION-53A968DC,Customer Information | Service Selection,Document Verification
SESSION-53A968DC,Customer Information | Service Selection | Document Verification,Installation
SESSION-53A968DC,Customer Information | Service Selection | Document Verification | Installation,Activation
SESSION-53BF8D74,Customer Information,Service Selection
SESSION-53BF8D74,Customer Information | Service Selection,Document Verification
SESSION-53BF8D74,Customer Information | Service Selection | Document Verification,Installation
SESSION-53BF8D74,Customer Information | Service Selection | Document Verification | Installation,Activation
SESSION-53E4F7F9,Customer Information,Identity Verification
SESSION-53E4F7F9,Customer Information | Identity Verification,Document Verification
SESSION-53E4F7F9,Customer Information | Identity Verification | Document Verification,Account Information
SESSION-53E4F7F9,Customer Information | Identity Verification | Document Verification | Account Information,Onboarding Confirmation
SESSION-5406B3C0,Customer Information,Service Selection
SESSION-5406B3C0,Customer Information | Service Selection,Document Verification
SESSION-5406B3C0,Customer Information | Service Selection | Document Verification,Installation
SESSION-5406B3C0,Customer Information | Service Selection | Document Verification | Installation,Activation
SESSION-546AD409,Customer Information,Service Selection
SESSION-546AD409,Customer Information | Service Selection,Document Verification
SESSION-546AD409,Customer Information | Service Selection | Document Verification,Installation
SESSION-546AD409,Customer Information | Service Selection | Document Verification | Installation,Activation
SESSION-5479214C,Customer Information,Service Selection
SESSION-5479214C,Customer Information | Service Selection,Document Verification
SESSION-5479214C,Customer Information | Service Selection | Document Verification,Installation
SESSION-5479214C,Customer Information | Service Selection | Document Verification | Installation,Activation
SESSION-5522B858,Customer Information,Service Selection
SESSION-5522B858,Customer Information | Service Selection,Document Verification
SESSION-5522B858,Customer Information | Service Selection | Document Verification,Installation
SESSION-5522B858,Customer Information | Service Selection | Document Verification | Installation,Activation
SESSION-553CB0AF,Customer Information,Identity Verification
SESSION-553CB0AF,Customer Information | Identity Verification,Document Verification
SESSION-553CB0AF,Customer Information | Identity Verification | Document Verification,Account Information
SESSION-553CB0AF,Customer Information | Identity Verification | Document Verification | Account Information,Onboarding Confirmation
SESSION-554226FF,Customer Information,Service Selection
SESSION-554226FF,Customer Information | Service Selection,Document Verification
SESSION-554226FF,Customer Information | Service Selection | Document Verification,Installation
SESSION-554226FF,Customer Information | Service Selection | Document Verification | Installation,Activation
SESSION-5578FB53,Customer Information,Identity Verification
SESSION-5578FB53,Customer Information | Identity Verification,Document Verification
SESSION-5578FB53,Customer Information | Identity Verification | Document Verification,Account Information
SESSION-5578FB53,Customer Information | Identity Verification | Document Verification | Account Information,Onboarding Confirmation
SESSION-55A31A44,Customer Information,Service Selection
SESSION-55A31A44,Customer Information | Service Selection,Document Verification
SESSION-55A31A44,Customer Information | Service Selection | Document Verification,Installation
SESSION-55A31A44,Customer Information | Service Selection | Document Verification | Installation,Activation
SESSION-55AF14CF,Customer Information,Identity Verification
SESSION-55AF14CF,Customer Information | Identity Verification,Document Verification
SESSION-55AF14CF,Customer Information | Identity Verification | Document Verification,Account Information
SESSION-55AF14CF,Customer Information | Identity Verification | Document Verification | Account Information,Onboarding Confirmation
SESSION-55CE1D95,Customer Information,Identity Verification
SESSION-55CE1D95,Customer Information | Identity Verification,Document Verification
SESSION-55CE1D95,Customer Information | Identity Verification | Document Verification,Account Information
SESSION-55CE1D95,Customer Information | Identity Verification | Document Verification | Account Information,Onboarding Confirmation
SESSION-56238A29,Customer Information,Service Selection
SESSION-56238A29,Customer Information | Service Selection,Document Verification
SESSION-56238A29,Customer Information | Service Selection | Document Verification,Installation
SESSION-56238A29,Customer Information | Service Selection | Document Verification | Installation,Activation
SESSION-562CC6F0,Customer Information,Service Selection
SESSION-562CC6F0,Customer Information | Service Selection,Document Verification
SESSION-562CC6F0,Customer Information | Service Selection | Document Verification,Service Selection
SESSION-562CC6F0,Customer Information | Service Selection | Document Verification | Service Selection,Installation
SESSION-562CC6F0,Customer Information | Service Selection | Document Verification | Service Selection | Installation,Activation
SESSION-562CC6F0,Customer Information | Service Selection | Document Verification | Service Selection | Installation | Activation,Service Selection
SESSION-56560E96,Customer Information,Identity Verification
SESSION-56560E96,Customer Information | Identity Verification,Document Verification
SESSION-56560E96,Customer Information | Identity Verification | Document Verification,Account Information
SESSION-56560E96,Customer Information | Identity Verification | Document Verification | Account Information,Onboarding Confirmation
SESSION-56892B15,Installation,Activation
SESSION-568B09D8,Customer Information,Service Selection
SESSION-568B09D8,Customer Information | Service Selection,Document Verification
SESSION-568B09D8,Customer Information | Service Selection | Document Verification,Installation
SESSION-568B09D8,Customer Information | Service Selection | Document Verification | Installation,Activation
SESSION-56BBB987,Customer Information,Service Selection
SESSION-56BBB987,Customer Information | Service Selection,Document Verification
SESSION-56BBB987,Customer Information | Service Selection | Document Verification,Installation
SESSION-56BBB987,Customer Information | Service Selection | Document Verification | Installation,Activation
SESSION-5719AE00,Customer Information,Identity Verification
SESSION-5719AE00,Customer Information | Identity Verification,Document Verification
SESSION-5719AE00,Customer Information | Identity Verification | Document Verification,Account Information
SESSION-5719AE00,Customer Information | Identity Verification | Document Verification | Account Information,Onboarding Confirmation
SESSION-576ABE0F,Customer Information,Identity Verification
SESSION-576ABE0F,Customer Information | Identity Verification,Document Verification
SESSION-576ABE0F,Customer Information | Identity Verification | Document Verification,Account Information
SESSION-576ABE0F,Customer Information | Identity Verification | Document Verification | Account Information,Onboarding Confirmation
SESSION-57933F68,Customer Information,Service Selection
SESSION-57933F68,Customer Information | Service Selection,Document Verification
SESSION-57933F68,Customer Information | Service Selection | Document Verification,Installation
SESSION-57933F68,Customer Information | Service Selection | Document Verification | Installation,Activation
SESSION-57DCFA48,Customer Information,Identity Verification
SESSION-57DCFA48,Customer Information | Identity Verification,Document Verification
SESSION-57DCFA48,Customer Information | Identity Verification | Document Verification,Account Information
SESSION-57DCFA48,Customer Information | Identity Verification | Document Verification | Account Information,Onboarding Confirmation
SESSION-57DDF047,Customer Information,Identity Verification
SESSION-57DDF047,Customer Information | Identity Verification,Document Verification
SESSION-57DDF047,Customer Information | Identity Verification | Document Verification,Account Information
SESSION-57DDF047,Customer Information | Identity Verification | Document Verification | Account Information,Onboarding Confirmation
SESSION-584502E3,Customer Information,Identity Verification
SESSION-584502E3,Customer Information | Identity Verification,Document Verification
SESSION-584502E3,Customer Information | Identity Verification | Document Verification,Account Information
SESSION-584502E3,Customer Information | Identity Verification | Document Verification | Account Information,Onboarding Confirmation
SESSION-585C2860,Customer Information,Identity Verification
SESSION-585C2860,Customer Information | Identity Verification,Document Verification
SESSION-585C2860,Customer Information | Identity Verification | Document Verification,Account Information
SESSION-585C2860,Customer Information | Identity Verification | Document Verification | Account Information,Onboarding Confirmation
SESSION-586E1164,Customer Information,Service Selection
SESSION-586E1164,Customer Information | Service Selection,Document Verification
SESSION-586E1164,Customer Information | Service Selection | Document Verification,Installation
SESSION-586E1164,Customer Information | Service Selection | Document Verification | Installation,Activation
SESSION-5873C950,Customer Information,Service Selection
SESSION-5873C950,Customer Information | Service Selection,Document Verification
SESSION-5873C950,Customer Information | Service Selection | Document Verification,Installation
SESSION-5873C950,Customer Information | Service Selection | Document Verification | Installation,Activation
SESSION-587CDFC9,Customer Information,Service Selection
SESSION-587CDFC9,Customer Information | Service Selection,Document Verification
SESSION-587CDFC9,Customer Information | Service Selection | Document Verification,Installation
SESSION-587CDFC9,Customer Information | Service Selection | Document Verification | Installation,Activation
SESSION-58BD84BB,Customer Information,Identity Verification
SESSION-58BD84BB,Customer Information | Identity Verification,Document Verification
SESSION-58BD84BB,Customer Information | Identity Verification | Document Verification,Account Information
SESSION-58BD84BB,Customer Information | Identity Verification | Document Verification | Account Information,Onboarding Confirmation
SESSION-58D8FAB0,Customer Information,Identity Verification
SESSION-58D8FAB0,Customer Information | Identity Verification,Document Verification
SESSION-58D8FAB0,Customer Information | Identity Verification | Document Verification,Account Information
SESSION-58D8FAB0,Customer Information | Identity Verification | Document Verification | Account Information,Onboarding Confirmation
SESSION-5986881C,Customer Information,Identity Verification
SESSION-5986881C,Customer Information | Identity Verification,Document Verification
SESSION-5986881C,Customer Information | Identity Verification | Document Verification,Account Information
SESSION-5986881C,Customer Information | Identity Verification | Document Verification | Account Information,Onboarding Confirmation
SESSION-5A5A8A00,Customer Information,Identity Verification
SESSION-5A5A8A00,Customer Information | Identity Verification,Document Verification
SESSION-5A5A8A00,Customer Information | Identity Verification | Document Verification,Account Information
SESSION-5A5A8A00,Customer Information | Identity Verification | Document Verification | Account Information,Onboarding Confirmation
SESSION-5A5EF3CB,Customer Information,Identity Verification
SESSION-5A5EF3CB,Customer Information | Identity Verification,Document Verification
SESSION-5A5EF3CB,Customer Information | Identity Verification | Document Verification,Account Information
SESSION-5A5EF3CB,Customer Information | Identity Verification | Document Verification | Account Information,Onboarding Confirmation
SESSION-5A7156FF,Customer Information,Identity Verification
SESSION-5A7156FF,Customer Information | Identity Verification,Document Verification
SESSION-5A7156FF,Customer Information | Identity Verification | Document Verification,Account Information
SESSION-5A7156FF,Customer Information | Identity Verification | Document Verification | Account Information,Onboarding Confirmation
SESSION-5A7C90CA,Customer Information,Identity Verification
SESSION-5A7C90CA,Customer Information | Identity Verification,Document Verification
SESSION-5A7C90CA,Customer Information | Identity Verification | Document Verification,Account Information
SESSION-5A7C90CA,Customer Information | Identity Verification | Document Verification | Account Information,Onboarding Confirmation
SESSION-5AD1547C,Customer Information,Identity Verification
SESSION-5AD1547C,Customer Information | Identity Verification,Document Verification
SESSION-5AD1547C,Customer Information | Identity Verification | Document Verification,Account Information
SESSION-5AD1547C,Customer Information | Identity Verification | Document Verification | Account Information,Onboarding Confirmation
SESSION-5AD4058A,Customer Information,Identity Verification
SESSION-5AD4058A,Customer Information | Identity Verification,Document Verification
SESSION-5AD4058A,Customer Information | Identity Verification | Document Verification,Account Information
SESSION-5AD4058A,Customer Information | Identity Verification | Document Verification | Account Information,Onboarding Confirmation
SESSION-5AD49733,Customer Information,Service Selection
SESSION-5AD49733,Customer Information | Service Selection,Document Verification
SESSION-5AD49733,Customer Information | Service Selection | Document Verification,Installation
SESSION-5AD49733,Customer Information | Service Selection | Document Verification | Installation,Activation
SESSION-5AE034F2,Customer Information,Identity Verification
SESSION-5AE034F2,Customer Information | Identity Verification,Document Verification
SESSION-5AE034F2,Customer Information | Identity Verification | Document Verification,Account Information
SESSION-5AE034F2,Customer Information | Identity Verification | Document Verification | Account Information,Onboarding Confirmation
SESSION-5C16498D,Customer Information,Service Selection
SESSION-5C16498D,Customer Information | Service Selection,Document Verification
SESSION-5C16498D,Customer Information | Service Selection | Document Verification,Installation
SESSION-5C16498D,Customer Information | Service Selection | Document Verification | Installation,Activation
SESSION-5C4808DF,Installation,Activation
SESSION-5C5976A4,Customer Information,Identity Verification
SESSION-5C5976A4,Customer Information | Identity Verification,Document Verification
SESSION-5C5976A4,Customer Information | Identity Verification | Document Verification,Account Information
SESSION-5C5976A4,Customer Information | Identity Verification | Document Verification | Account Information,Onboarding Confirmation
SESSION-5C96342B,Customer Information,Identity Verification
SESSION-5C96342B,Customer Information | Identity Verification,Document Verification
SESSION-5C96342B,Customer Information | Identity Verification | Document Verification,Account Information
SESSION-5C96342B,Customer Information | Identity Verification | Document Verification | Account Information,Onboarding Confirmation
SESSION-5D2C6142,Customer Information,Identity Verification
SESSION-5D2C6142,Customer Information | Identity Verification,Document Verification
SESSION-5D2C6142,Customer Information | Identity Verification | Document Verification,Account Information
SESSION-5D2C6142,Customer Information | Identity Verification | Document Verification | Account Information,Onboarding Confirmation
SESSION-5D3DF340,Customer Information,Identity Verification
SESSION-5D3DF340,Customer Information | Identity Verification,Document Verification
SESSION-5D3DF340,Customer Information | Identity Verification | Document Verification,Account Information
SESSION-5D3DF340,Customer Information | Identity Verification | Document Verification | Account Information,Onboarding Confirmation
SESSION-5D42AD80,Customer Information,Service Selection
SESSION-5D42AD80,Customer Information | Service Selection,Document Verification
SESSION-5D42AD80,Customer Information | Service Selection | Document Verification,Installation
SESSION-5D42AD80,Customer Information | Service Selection | Document Verification | Installation,Activation
SESSION-5D5C5752,Customer Information,Identity Verification
SESSION-5D5C5752,Customer Information | Identity Verification,Document Verification
SESSION-5D5C5752,Customer Information | Identity Verification | Document Verification,Account Information
SESSION-5D5C5752,Customer Information | Identity Verification | Document Verification | Account Information,Onboarding Confirmation
SESSION-5D8BA974,Customer Information,Identity Verification
SESSION-5D8BA974,Customer Information | Identity Verification,Document Verification
SESSION-5D8BA974,Customer Information | Identity Verification | Document Verification,Account Information
SESSION-5D8BA974,Customer Information | Identity Verification | Document Verification | Account Information,Onboarding Confirmation
SESSION-5DEE0771,Customer Information,Service Selection
SESSION-5DEE0771,Customer Information | Service Selection,Document Verification
SESSION-5DEE0771,Customer Information | Service Selection | Document Verification,Installation
SESSION-5DEE0771,Customer Information | Service Selection | Document Verification | Installation,Activation
SESSION-5E063127,Customer Information,Service Selection
SESSION-5E063127,Customer Information | Service Selection,Document Verification
SESSION-5E063127,Customer Information | Service Selection | Document Verification,Installation
SESSION-5E063127,Customer Information | Service Selection | Document Verification | Installation,Activation
SESSION-5E8185AA,Customer Information,Service Selection
SESSION-5E8185AA,Customer Information | Service Selection,Document Verification
SESSION-5E8185AA,Customer Information | Service Selection | Document Verification,Installation
SESSION-5E8185AA,Customer Information | Service Selection | Document Verification | Installation,Activation
SESSION-5EB02040,Customer Information,Identity Verification
SESSION-5EB02040,Customer Information | Identity Verification,Document Verification
SESSION-5EB02040,Customer Information | Identity Verification | Document Verification,Account Information
SESSION-5EB02040,Customer Information | Identity Verification | Document Verification | Account Information,Onboarding Confirmation
SESSION-5EEAB14B,Customer Information,Identity Verification
SESSION-5EEAB14B,Customer Information | Identity Verification,Document Verification
SESSION-5EEAB14B,Customer Information | Identity Verification | Document Verification,Account Information
SESSION-5EEAB14B,Customer Information | Identity Verification | Document Verification | Account Information,Onboarding Confirmation
SESSION-5F0D4603,Customer Information,Service Selection
SESSION-5F0D4603,Customer Information | Service Selection,Document Verification
SESSION-5F0D4603,Customer Information | Service Selection | Document Verification,Installation
SESSION-5F0D4603,Customer Information | Service Selection | Document Verification | Installation,Activation
SESSION-5F44BECA,Customer Information,Identity Verification
SESSION-5F44BECA,Customer Information | Identity Verification,Document Verification
SESSION-5F44BECA,Customer Information | Identity Verification | Document Verification,Onboarding Confirmation
SESSION-5F458740,Customer Information,Service Selection
SESSION-5F458740,Customer Information | Service Selection,Document Verification
SESSION-5F458740,Customer Information | Service Selection | Document Verification,Installation
SESSION-5F458740,Customer Information | Service Selection | Document Verification | Installation,Activation
SESSION-5FF9EF95,Customer Information,Identity Verification
SESSION-5FF9EF95,Customer Information | Identity Verification,Document Verification
SESSION-5FF9EF95,Customer Information | Identity Verification | Document Verification,Account Information
SESSION-5FF9EF95,Customer Information | Identity Verification | Document Verification | Account Information,Onboarding Confirmation
SESSION-5FFFCB33,Customer Information,Service Selection
SESSION-5FFFCB33,Customer Information | Service Selection,Document Verification
SESSION-5FFFCB33,Customer Information | Service Selection | Document Verification,Installation
SESSION-5FFFCB33,Customer Information | Service Selection | Document Verification | Installation,Activation
SESSION-601ADCD2,Customer Information,Service Selection
SESSION-601ADCD2,Customer Information | Service Selection,Document Verification
SESSION-601ADCD2,Customer Information | Service Selection | Document Verification,Installation
SESSION-601ADCD2,Customer Information | Service Selection | Document Verification | Installation,Customer Information
SESSION-601ADCD2,Customer Information | Service Selection | Document Verification | Installation | Customer Information,Activation
SESSION-601ADCD2,Customer Information | Service Selection | Document Verification | Installation | Customer Information | Activation,Customer Information
SESSION-601FB407,Customer Information,Service Selection
SESSION-601FB407,Customer Information | Service Selection,Document Verification
SESSION-601FB407,Customer Information | Service Selection | Document Verification,Installation
SESSION-601FB407,Customer Information | Service Selection | Document Verification | Installation,Activation
SESSION-6040390B,Customer Information,Identity Verification
SESSION-6040390B,Customer Information | Identity Verification,Document Verification
SESSION-6040390B,Customer Information | Identity Verification | Document Verification,Account Information
SESSION-6040390B,Customer Information | Identity Verification | Document Verification | Account Information,Onboarding Confirmation
SESSION-604847B0,Customer Information,Service Selection
SESSION-604847B0,Customer Information | Service Selection,Document Verification
SESSION-604847B0,Customer Information | Service Selection | Document Verification,Installation
SESSION-604847B0,Customer Information | Service Selection | Document Verification | Installation,Activation
SESSION-606FA6F3,Customer Information,Service Selection
SESSION-606FA6F3,Customer Information | Service Selection,Document Verification
SESSION-606FA6F3,Customer Information | Service Selection | Document Verification,Installation
SESSION-606FA6F3,Customer Information | Service Selection | Document Verification | Installation,Activation
SESSION-60BDDCC9,Customer Information,Identity Verification
SESSION-60BDDCC9,Customer Information | Identity Verification,Document Verification
SESSION-60BDDCC9,Customer Information | Identity Verification | Document Verification,Account Information
SESSION-60BDDCC9,Customer Information | Identity Verification | Document Verification | Account Information,Onboarding Confirmation
SESSION-611E606A,Customer Information,Identity Verification
SESSION-611E606A,Customer Information | Identity Verification,Document Verification
SESSION-611E606A,Customer Information | Identity Verification | Document Verification,Account Information
SESSION-611E606A,Customer Information | Identity Verification | Document Verification | Account Information,Onboarding Confirmation
SESSION-6120763C,Customer Information,Identity Verification
SESSION-6120763C,Customer Information | Identity Verification,Document Verification
SESSION-6120763C,Customer Information | Identity Verification | Document Verification,Account Information
SESSION-6120763C,Customer Information | Identity Verification | Document Verification | Account Information,Onboarding Confirmation
SESSION-61577102,Customer Information,Identity Verification
SESSION-61577102,Customer Information | Identity Verification,Document Verification
SESSION-61577102,Customer Information | Identity Verification | Document Verification,Account Information
SESSION-61577102,Customer Information | Identity Verification | Document Verification | Account Information,Onboarding Confirmation
SESSION-6157F85E,Customer Information,Identity Verification
SESSION-6157F85E,Customer Information | Identity Verification,Document Verification
SESSION-6157F85E,Customer Information | Identity Verification | Document Verification,Account Information
SESSION-6157F85E,Customer Information | Identity Verification | Document Verification | Account Information,Onboarding Confirmation
SESSION-616415D0,Customer Information,Identity Verification
SESSION-616415D0,Customer Information | Identity Verification,Document Verification
SESSION-616415D0,Customer Information | Identity Verification | Document Verification,Account Information
SESSION-616415D0,Customer Information | Identity Verification | Document Verification | Account Information,Onboarding Confirmation
SESSION-61659576,Customer Information,Document Verification
SESSION-61659576,Customer Information | Document Verification,Activation
SESSION-61A2EAA5,Customer Information,Identity Verification
SESSION-61A2EAA5,Customer Information | Identity Verification,Document Verification
SESSION-61A2EAA5,Customer Information | Identity Verification | Document Verification,Account Information
SESSION-61A2EAA5,Customer Information | Identity Verification | Document Verification | Account Information,Onboarding Confirmation
SESSION-6209A975,Customer Information,Identity Verification
SESSION-6209A975,Customer Information | Identity Verification,Customer Information
SESSION-6209A975,Customer Information | Identity Verification | Customer Information,Document Verification
SESSION-6209A975,Customer Information | Identity Verification | Customer Information | Document Verification,Account Information
SESSION-6209A975,Customer Information | Identity Verification | Customer Information | Document Verification | Account Information,Onboarding Confirmation
SESSION-6209A975,Customer Information | Identity Verification | Customer Information | Document Verification | Account Information | Onboarding Confirmation,Customer Information
SESSION-620B2B93,Customer Information,Service Selection
SESSION-620B2B93,Customer Information | Service Selection,Document Verification
SESSION-620B2B93,Customer Information | Service Selection | Document Verification,Installation
SESSION-620B2B93,Customer Information | Service Selection | Document Verification | Installation,Activation
SESSION-621D2AAF,Customer Information,Identity Verification
SESSION-621D2AAF,Customer Information | Identity Verification,Document Verification
SESSION-621D2AAF,Customer Information | Identity Verification | Document Verification,Account Information
SESSION-621D2AAF,Customer Information | Identity Verification | Document Verification | Account Information,Onboarding Confirmation
SESSION-62689E80,Document Verification,Account Information
SESSION-62689E80,Document Verification | Account Information,Onboarding Confirmation
SESSION-62819624,Customer Information,Service Selection
SESSION-62819624,Customer Information | Service Selection,Customer Information
SESSION-62819624,Customer Information | Service Selection | Customer Information,Document Verification
SESSION-62819624,Customer Information | Service Selection | Customer Information | Document Verification,Installation
SESSION-62819624,Customer Information | Service Selection | Customer Information | Document Verification | Installation,Activation
SESSION-62A22E25,Customer Information,Identity Verification
SESSION-62A22E25,Customer Information | Identity Verification,Document Verification
SESSION-62A22E25,Customer Information | Identity Verification | Document Verification,Account Information
SESSION-62A22E25,Customer Information | Identity Verification | Document Verification | Account Information,Onboarding Confirmation
SESSION-62C5302A,Customer Information,Identity Verification
SESSION-62C5302A,Customer Information | Identity Verification,Document Verification
SESSION-62C5302A,Customer Information | Identity Verification | Document Verification,Account Information
SESSION-62C5302A,Customer Information | Identity Verification | Document Verification | Account Information,Onboarding Confirmation
SESSION-62D17949,Customer Information,Service Selection
SESSION-62D17949,Customer Information | Service Selection,Document Verification
SESSION-62D17949,Customer Information | Service Selection | Document Verification,Installation
SESSION-62D17949,Customer Information | Service Selection | Document Verification | Installation,Activation
SESSION-63247A15,Customer Information,Identity Verification
SESSION-63247A15,Customer Information | Identity Verification,Document Verification
SESSION-63247A15,Customer Information | Identity Verification | Document Verification,Account Information
SESSION-63247A15,Customer Information | Identity Verification | Document Verification | Account Information,Onboarding Confirmation
SESSION-634B181F,Customer Information,Identity Verification
SESSION-634B181F,Customer Information | Identity Verification,Document Verification
SESSION-634B181F,Customer Information | Identity Verification | Document Verification,Account Information
SESSION-634B181F,Customer Information | Identity Verification | Document Verification | Account Information,Onboarding Confirmation
SESSION-635DABA3,Customer Information,Service Selection
SESSION-635DABA3,Customer Information | Service Selection,Document Verification
SESSION-635DABA3,Customer Information | Service Selection | Document Verification,Installation
SESSION-635DABA3,Customer Information | Service Selection | Document Verification | Installation,Activation
SESSION-6374FBAB,Customer Information,Identity Verification
SESSION-6374FBAB,Customer Information | Identity Verification,Document Verification
SESSION-6374FBAB,Customer Information | Identity Verification | Document Verification,Account Information
SESSION-6374FBAB,Customer Information | Identity Verification | Document Verification | Account Information,Onboarding Confirmation
SESSION-6378706C,Customer Information,Identity Verification
SESSION-6378706C,Customer Information | Identity Verification,Document Verification
SESSION-6378706C,Customer Information | Identity Verification | Document Verification,Account Information
SESSION-6378706C,Customer Information | Identity Verification | Document Verification | Account Information,Onboarding Confirmation
SESSION-638F9007,Customer Information,Identity Verification
SESSION-638F9007,Customer Information | Identity Verification,Document Verification
SESSION-638F9007,Customer Information | Identity Verification | Document Verification,Account Information
SESSION-638F9007,Customer Information | Identity Verification | Document Verification | Account Information,Onboarding Confirmation
SESSION-63B49482,Customer Information,Service Selection
SESSION-63B49482,Customer Information | Service Selection,Document Verification
SESSION-63B49482,Customer Information | Service Selection | Document Verification,Installation
SESSION-63B49482,Customer Information | Service Selection | Document Verification | Installation,Activation
SESSION-64FD06D8,Customer Information,Identity Verification
SESSION-64FD06D8,Customer Information | Identity Verification,Document Verification
SESSION-64FD06D8,Customer Information | Identity Verification | Document Verification,Account Information
SESSION-64FD06D8,Customer Information | Identity Verification | Document Verification | Account Information,Onboarding Confirmation
SESSION-650B25B5,Customer Information,Service Selection
SESSION-650B25B5,Customer Information | Service Selection,Document Verification
SESSION-650B25B5,Customer Information | Service Selection | Document Verification,Installation
SESSION-650B25B5,Customer Information | Service Selection | Document Verification | Installation,Activation
SESSION-6510CB74,Customer Information,Service Selection
SESSION-6510CB74,Customer Information | Service Selection,Document Verification
SESSION-6510CB74,Customer Information | Service Selection | Document Verification,Installation
SESSION-6510CB74,Customer Information | Service Selection | Document Verification | Installation,Activation
SESSION-654FE899,Customer Information,Service Selection
SESSION-654FE899,Customer Information | Service Selection,Document Verification
SESSION-654FE899,Customer Information | Service Selection | Document Verification,Installation
SESSION-654FE899,Customer Information | Service Selection | Document Verification | Installation,Activation
SESSION-658BE607,Customer Information,Service Selection
SESSION-658BE607,Customer Information | Service Selection,Document Verification
SESSION-658BE607,Customer Information | Service Selection | Document Verification,Installation
SESSION-658BE607,Customer Information | Service Selection | Document Verification | Installation,Activation
SESSION-65F0973A,Customer Information,Service Selection
SESSION-65F0973A,Customer Information | Service Selection,Document Verification
SESSION-65F0973A,Customer Information | Service Selection | Document Verification,Installation
SESSION-65F0973A,Customer Information | Service Selection | Document Verification | Installation,Activation
SESSION-665897FF,Customer Information,Identity Verification
SESSION-665897FF,Customer Information | Identity Verification,Document Verification
SESSION-665897FF,Customer Information | Identity Verification | Document Verification,Account Information
SESSION-665897FF,Customer Information | Identity Verification | Document Verification | Account Information,Onboarding Confirmation
SESSION-6673524C,Customer Information,Service Selection
SESSION-6673524C,Customer Information | Service Selection,Document Verification
SESSION-6673524C,Customer Information | Service Selection | Document Verification,Installation
SESSION-6673524C,Customer Information | Service Selection | Document Verification | Installation,Activation
SESSION-67297E37,Customer Information,Identity Verification
SESSION-67297E37,Customer Information | Identity Verification,Document Verification
SESSION-67297E37,Customer Information | Identity Verification | Document Verification,Account Information
SESSION-67297E37,Customer Information | Identity Verification | Document Verification | Account Information,Onboarding Confirmation
SESSION-6765CD14,Customer Information,Service Selection
SESSION-6765CD14,Customer Information | Service Selection,Document Verification
SESSION-6765CD14,Customer Information | Service Selection | Document Verification,Installation
SESSION-6765CD14,Customer Information | Service Selection | Document Verification | Installation,Activation
SESSION-67867595,Customer Information,Service Selection
SESSION-67867595,Customer Information | Service Selection,Document Verification
SESSION-67867595,Customer Information | Service Selection | Document Verification,Installation
SESSION-67867595,Customer Information | Service Selection | Document Verification | Installation,Activation
SESSION-67EB1CC9,Customer Information,Service Selection
SESSION-67EB1CC9,Customer Information | Service Selection,Document Verification
SESSION-67EB1CC9,Customer Information | Service Selection | Document Verification,Installation
SESSION-67EB1CC9,Customer Information | Service Selection | Document Verification | Installation,Activation
SESSION-6898EB4D,Customer Information,Identity Verification
SESSION-6898EB4D,Customer Information | Identity Verification,Document Verification
SESSION-6898EB4D,Customer Information | Identity Verification | Document Verification,Account Information
SESSION-6898EB4D,Customer Information | Identity Verification | Document Verification | Account Information,Onboarding Confirmation
SESSION-68AB64E7,Customer Information,Service Selection
SESSION-68AB64E7,Customer Information | Service Selection,Document Verification
SESSION-68AB64E7,Customer Information | Service Selection | Document Verification,Installation
SESSION-68AB64E7,Customer Information | Service Selection | Document Verification | Installation,Activation
SESSION-68AC3729,Customer Information,Service Selection
SESSION-68AC3729,Customer Information | Service Selection,Document Verification
SESSION-68AC3729,Customer Information | Service Selection | Document Verification,Installation
SESSION-68AC3729,Customer Information | Service Selection | Document Verification | Installation,Activation
SESSION-68B3341F,Customer Information,Service Selection
SESSION-68B3341F,Customer Information | Service Selection,Document Verification
SESSION-68B3341F,Customer Information | Service Selection | Document Verification,Installation
SESSION-68B3341F,Customer Information | Service Selection | Document Verification | Installation,Activation
SESSION-68E036CA,Customer Information,Service Selection
SESSION-68E036CA,Customer Information | Service Selection,Document Verification
SESSION-68E036CA,Customer Information | Service Selection | Document Verification,Installation
SESSION-68E036CA,Customer Information | Service Selection | Document Verification | Installation,Activation
SESSION-691B99DC,Customer Information,Identity Verification
SESSION-691B99DC,Customer Information | Identity Verification,Document Verification
SESSION-691B99DC,Customer Information | Identity Verification | Document Verification,Account Information
SESSION-691B99DC,Customer Information | Identity Verification | Document Verification | Account Information,Onboarding Confirmation
SESSION-697F9D56,Customer Information,Service Selection
SESSION-697F9D56,Customer Information | Service Selection,Document Verification
SESSION-697F9D56,Customer Information | Service Selection | Document Verification,Installation
SESSION-697F9D56,Customer Information | Service Selection | Document Verification | Installation,Activation
SESSION-699C1742,Customer Information,Identity Verification
SESSION-699C1742,Customer Information | Identity Verification,Document Verification
SESSION-699C1742,Customer Information | Identity Verification | Document Verification,Account Information
SESSION-699C1742,Customer Information | Identity Verification | Document Verification | Account Information,Onboarding Confirmation
SESSION-69A2DDCC,Customer Information,Service Selection
SESSION-69A2DDCC,Customer Information | Service Selection,Document Verification
SESSION-69A2DDCC,Customer Information | Service Selection | Document Verification,Installation
SESSION-69A2DDCC,Customer Information | Service Selection | Document Verification | Installation,Activation
SESSION-69A8E5BB,Customer Information,Service Selection
SESSION-69A8E5BB,Customer Information | Service Selection,Document Verification
SESSION-69A8E5BB,Customer Information | Service Selection | Document Verification,Installation
SESSION-69A8E5BB,Customer Information | Service Selection | Document Verification | Installation,Activation
SESSION-69C5378A,Customer Information,Identity Verification
SESSION-69C5378A,Customer Information | Identity Verification,Document Verification
SESSION-69C5378A,Customer Information | Identity Verification | Document Verification,Account Information
SESSION-69C5378A,Customer Information | Identity Verification | Document Verification | Account Information,Onboarding Confirmation
SESSION-6A03AAD6,Customer Information,Identity Verification
SESSION-6A03AAD6,Customer Information | Identity Verification,Document Verification
SESSION-6A03AAD6,Customer Information | Identity Verification | Document Verification,Account Information
SESSION-6A03AAD6,Customer Information | Identity Verification | Document Verification | Account Information,Onboarding Confirmation
SESSION-6A076E65,Customer Information,Identity Verification
SESSION-6A076E65,Customer Information | Identity Verification,Document Verification
SESSION-6A076E65,Customer Information | Identity Verification | Document Verification,Account Information
SESSION-6A076E65,Customer Information | Identity Verification | Document Verification | Account Information,Onboarding Confirmation
SESSION-6A178498,Customer Information,Service Selection
SESSION-6A178498,Customer Information | Service Selection,Document Verification
SESSION-6A178498,Customer Information | Service Selection | Document Verification,Installation
SESSION-6A178498,Customer Information | Service Selection | Document Verification | Installation,Activation
SESSION-6B62C037,Customer Information,Identity Verification
SESSION-6B62C037,Customer Information | Identity Verification,Document Verification
SESSION-6B62C037,Customer Information | Identity Verification | Document Verification,Account Information
SESSION-6B62C037,Customer Information | Identity Verification | Document Verification | Account Information,Onboarding Confirmation
SESSION-6BB736B0,Customer Information,Identity Verification
SESSION-6BB736B0,Customer Information | Identity Verification,Document Verification
SESSION-6BB736B0,Customer Information | Identity Verification | Document Verification,Account Information
SESSION-6BB736B0,Customer Information | Identity Verification | Document Verification | Account Information,Onboarding Confirmation
SESSION-6C0BB953,Customer Information,Service Selection
SESSION-6C0BB953,Customer Information | Service Selection,Document Verification
SESSION-6C0BB953,Customer Information | Service Selection | Document Verification,Installation
SESSION-6C0BB953,Customer Information | Service Selection | Document Verification | Installation,Activation
SESSION-6C223D9A,Customer Information,Identity Verification
SESSION-6C223D9A,Customer Information | Identity Verification,Document Verification
SESSION-6C223D9A,Customer Information | Identity Verification | Document Verification,Account Information
SESSION-6C223D9A,Customer Information | Identity Verification | Document Verification | Account Information,Onboarding Confirmation
SESSION-6C42E570,Customer Information,Identity Verification
SESSION-6C42E570,Customer Information | Identity Verification,Document Verification
SESSION-6C42E570,Customer Information | Identity Verification | Document Verification,Account Information
SESSION-6C42E570,Customer Information | Identity Verification | Document Verification | Account Information,Onboarding Confirmation
SESSION-6C44D76A,Customer Information,Identity Verification
SESSION-6C44D76A,Customer Information | Identity Verification,Document Verification
SESSION-6C44D76A,Customer Information | Identity Verification | Document Verification,Identity Verification
SESSION-6C44D76A,Customer Information | Identity Verification | Document Verification | Identity Verification,Account Information
SESSION-6C44D76A,Customer Information | Identity Verification | Document Verification | Identity Verification | Account Information,Onboarding Confirmation
SESSION-6C7E7B78,Customer Information,Identity Verification
SESSION-6C7E7B78,Customer Information | Identity Verification,Document Verification
SESSION-6C7E7B78,Customer Information | Identity Verification | Document Verification,Account Information
SESSION-6C7E7B78,Customer Information | Identity Verification | Document Verification | Account Information,Onboarding Confirmation
SESSION-6CADFC19,Customer Information,Identity Verification
SESSION-6CADFC19,Customer Information | Identity Verification,Document Verification
SESSION-6CADFC19,Customer Information | Identity Verification | Document Verification,Account Information
SESSION-6CADFC19,Customer Information | Identity Verification | Document Verification | Account Information,Onboarding Confirmation
SESSION-6CDB0CA4,Customer Information,Service Selection
SESSION-6CDB0CA4,Customer Information | Service Selection,Document Verification
SESSION-6CDB0CA4,Customer Information | Service Selection | Document Verification,Installation
SESSION-6CDB0CA4,Customer Information | Service Selection | Document Verification | Installation,Activation
SESSION-6D1587AB,Customer Information,Identity Verification
SESSION-6D1587AB,Customer Information | Identity Verification,Document Verification
SESSION-6D1587AB,Customer Information | Identity Verification | Document Verification,Account Information
SESSION-6D1587AB,Customer Information | Identity Verification | Document Verification | Account Information,Onboarding Confirmation
SESSION-6D374954,Customer Information,Identity Verification
SESSION-6D374954,Customer Information | Identity Verification,Document Verification
SESSION-6D374954,Customer Information | Identity Verification | Document Verification,Account Information
SESSION-6D374954,Customer Information | Identity Verification | Document Verification | Account Information,Onboarding Confirmation
SESSION-6D6ACEEF,Customer Information,Service Selection
SESSION-6D6ACEEF,Customer Information | Service Selection,Document Verification
SESSION-6D6ACEEF,Customer Information | Service Selection | Document Verification,Installation
SESSION-6D6ACEEF,Customer Information | Service Selection | Document Verification | Installation,Activation
SESSION-6DA5CE35,Customer Information,Service Selection
SESSION-6DA5CE35,Customer Information | Service Selection,Document Verification
SESSION-6DA5CE35,Customer Information | Service Selection | Document Verification,Installation
SESSION-6DA5CE35,Customer Information | Service Selection | Document Verification | Installation,Activation
SESSION-6DA743BC,Customer Information,Service Selection
SESSION-6DA743BC,Customer Information | Service Selection,Document Verification
SESSION-6DA743BC,Customer Information | Service Selection | Document Verification,Installation
SESSION-6DA743BC,Customer Information | Service Selection | Document Verification | Installation,Activation
SESSION-6DCA74B0,Customer Information,Identity Verification
SESSION-6DCA74B0,Customer Information | Identity Verification,Document Verification
SESSION-6DCA74B0,Customer Information | Identity Verification | Document Verification,Account Information
SESSION-6DCA74B0,Customer Information | Identity Verification | Document Verification | Account Information,Onboarding Confirmation
SESSION-6DEA0172,Customer Information,Service Selection
SESSION-6DEA0172,Customer Information | Service Selection,Document Verification
SESSION-6DEA0172,Customer Information | Service Selection | Document Verification,Installation
SESSION-6DEA0172,Customer Information | Service Selection | Document Verification | Installation,Activation
SESSION-6DFAD6DD,Customer Information,Identity Verification
SESSION-6DFAD6DD,Customer Information | Identity Verification,Document Verification
SESSION-6DFAD6DD,Customer Information | Identity Verification | Document Verification,Account Information
SESSION-6DFAD6DD,Customer Information | Identity Verification | Document Verification | Account Information,Customer Information
SESSION-6DFAD6DD,Customer Information | Identity Verification | Document Verification | Account Information | Customer Information,Onboarding Confirmation
SESSION-6DFAD6DD,Customer Information | Identity Verification | Document Verification | Account Information | Customer Information | Onboarding Confirmation,Customer Information
SESSION-6E447DD5,Customer Information,Identity Verification
SESSION-6E447DD5,Customer Information | Identity Verification,Account Information
SESSION-6E447DD5,Customer Information | Identity Verification | Account Information,Onboarding Confirmation
SESSION-6F1C0FB1,Customer Information,Service Selection
SESSION-6F1C0FB1,Customer Information | Service Selection,Document Verification
SESSION-6F1C0FB1,Customer Information | Service Selection | Document Verification,Installation
SESSION-6F1C0FB1,Customer Information | Service Selection | Document Verification | Installation,Activation
SESSION-6F1F861F,Customer Information,Identity Verification
SESSION-6F1F861F,Customer Information | Identity Verification,Document Verification
SESSION-6F1F861F,Customer Information | Identity Verification | Document Verification,Account Information
SESSION-6F1F861F,Customer Information | Identity Verification | Document Verification | Account Information,Onboarding Confirmation
SESSION-6F562AF0,Customer Information,Identity Verification
SESSION-6F562AF0,Customer Information | Identity Verification,Document Verification
SESSION-6F562AF0,Customer Information | Identity Verification | Document Verification,Account Information
SESSION-6F562AF0,Customer Information | Identity Verification | Document Verification | Account Information,Onboarding Confirmation
SESSION-6F6F1E9A,Customer Information,Service Selection
SESSION-6F6F1E9A,Customer Information | Service Selection,Document Verification
SESSION-6F6F1E9A,Customer Information | Service Selection | Document Verification,Installation
SESSION-6F6F1E9A,Customer Information | Service Selection | Document Verification | Installation,Activation
SESSION-6F9E7B08,Customer Information,Service Selection
SESSION-6F9E7B08,Customer Information | Service Selection,Document Verification
SESSION-6F9E7B08,Customer Information | Service Selection | Document Verification,Installation
SESSION-6F9E7B08,Customer Information | Service Selection | Document Verification | Installation,Activation
SESSION-6FD0BF97,Customer Information,Identity Verification
SESSION-6FD0BF97,Customer Information | Identity Verification,Document Verification
SESSION-6FD0BF97,Customer Information | Identity Verification | Document Verification,Account Information
SESSION-6FD0BF97,Customer Information | Identity Verification | Document Verification | Account Information,Onboarding Confirmation
SESSION-705A0924,Customer Information,Identity Verification
SESSION-705A0924,Customer Information | Identity Verification,Document Verification
SESSION-705A0924,Customer Information | Identity Verification | Document Verification,Account Information
SESSION-705A0924,Customer Information | Identity Verification | Document Verification | Account Information,Onboarding Confirmation
SESSION-709B1217,Customer Information,Identity Verification
SESSION-709B1217,Customer Information | Identity Verification,Document Verification
SESSION-709B1217,Customer Information | Identity Verification | Document Verification,Account Information
SESSION-709B1217,Customer Information | Identity Verification | Document Verification | Account Information,Onboarding Confirmation
SESSION-70D5955D,Customer Information,Service Selection
SESSION-70D5955D,Customer Information | Service Selection,Document Verification
SESSION-70D5955D,Customer Information | Service Selection | Document Verification,Installation
SESSION-70D5955D,Customer Information | Service Selection | Document Verification | Installation,Activation
SESSION-715C16E6,Customer Information,Identity Verification
SESSION-715C16E6,Customer Information | Identity Verification,Document Verification
SESSION-715C16E6,Customer Information | Identity Verification | Document Verification,Account Information
SESSION-715C16E6,Customer Information | Identity Verification | Document Verification | Account Information,Onboarding Confirmation
SESSION-7163EBFA,Customer Information,Service Selection
SESSION-7163EBFA,Customer Information | Service Selection,Document Verification
SESSION-7163EBFA,Customer Information | Service Selection | Document Verification,Installation
SESSION-7163EBFA,Customer Information | Service Selection | Document Verification | Installation,Activation
SESSION-71A679C6,Customer Information,Service Selection
SESSION-71A679C6,Customer Information | Service Selection,Customer Information
SESSION-71A679C6,Customer Information | Service Selection | Customer Information,Document Verification
SESSION-71A679C6,Customer Information | Service Selection | Customer Information | Document Verification,Installation
SESSION-71A679C6,Customer Information | Service Selection | Customer Information | Document Verification | Installation,Activation
SESSION-71BF3F49,Customer Information,Service Selection
SESSION-71BF3F49,Customer Information | Service Selection,Document Verification
SESSION-71BF3F49,Customer Information | Service Selection | Document Verification,Installation
SESSION-71BF3F49,Customer Information | Service Selection | Document Verification | Installation,Activation
SESSION-72E1FE7E,Customer Information,Service Selection
SESSION-72E1FE7E,Customer Information | Service Selection,Document Verification
SESSION-72E1FE7E,Customer Information | Service Selection | Document Verification,Installation
SESSION-72E1FE7E,Customer Information | Service Selection | Document Verification | Installation,Activation
SESSION-72E6DC53,Customer Information,Service Selection
SESSION-72E6DC53,Customer Information | Service Selection,Document Verification
SESSION-72E6DC53,Customer Information | Service Selection | Document Verification,Installation
SESSION-72E6DC53,Customer Information | Service Selection | Document Verification | Installation,Activation
SESSION-730F8A1E,Customer Information,Identity Verification
SESSION-730F8A1E,Customer Information | Identity Verification,Document Verification
SESSION-730F8A1E,Customer Information | Identity Verification | Document Verification,Account Information
SESSION-730F8A1E,Customer Information | Identity Verification | Document Verification | Account Information,Onboarding Confirmation
SESSION-73172523,Customer Information,Identity Verification
SESSION-73172523,Customer Information | Identity Verification,Document Verification
SESSION-73172523,Customer Information | Identity Verification | Document Verification,Account Information
SESSION-73172523,Customer Information | Identity Verification | Document Verification | Account Information,Onboarding Confirmation
SESSION-733BE36D,Customer Information,Service Selection
SESSION-733BE36D,Customer Information | Service Selection,Document Verification
SESSION-733BE36D,Customer Information | Service Selection | Document Verification,Installation
SESSION-733BE36D,Customer Information | Service Selection | Document Verification | Installation,Activation
SESSION-735F8831,Customer Information,Identity Verification
SESSION-735F8831,Customer Information | Identity Verification,Document Verification
SESSION-735F8831,Customer Information | Identity Verification | Document Verification,Account Information
SESSION-735F8831,Customer Information | Identity Verification | Document Verification | Account Information,Onboarding Confirmation
SESSION-73D8108D,Customer Information,Identity Verification
SESSION-73D8108D,Customer Information | Identity Verification,Document Verification
SESSION-73D8108D,Customer Information | Identity Verification | Document Verification,Account Information
SESSION-73D8108D,Customer Information | Identity Verification | Document Verification | Account Information,Onboarding Confirmation
SESSION-73E2F581,Customer Information,Document Verification
SESSION-73E2F581,Customer Information | Document Verification,Onboarding Confirmation
SESSION-7402D0E4,Customer Information,Service Selection
SESSION-7402D0E4,Customer Information | Service Selection,Document Verification
SESSION-7402D0E4,Customer Information | Service Selection | Document Verification,Installation
SESSION-7402D0E4,Customer Information | Service Selection | Document Verification | Installation,Activation
SESSION-7441A337,Service Selection,Activation
SESSION-744641B2,Customer Information,Identity Verification
SESSION-744641B2,Customer Information | Identity Verification,Document Verification
SESSION-744641B2,Customer Information | Identity Verification | Document Verification,Account Information
SESSION-744641B2,Customer Information | Identity Verification | Document Verification | Account Information,Onboarding Confirmation
SESSION-7475F21C,Customer Information,Identity Verification
SESSION-7475F21C,Customer Information | Identity Verification,Document Verification
SESSION-7475F21C,Customer Information | Identity Verification | Document Verification,Account Information
SESSION-7475F21C,Customer Information | Identity Verification | Document Verification | Account Information,Onboarding Confirmation
SESSION-74795DCC,Customer Information,Service Selection
SESSION-74795DCC,Customer Information | Service Selection,Document Verification
SESSION-74795DCC,Customer Information | Service Selection | Document Verification,Installation
SESSION-74795DCC,Customer Information | Service Selection | Document Verification | Installation,Activation
SESSION-74E60EEB,Customer Information,Identity Verification
SESSION-74E60EEB,Customer Information | Identity Verification,Document Verification
SESSION-74E60EEB,Customer Information | Identity Verification | Document Verification,Account Information
SESSION-74E60EEB,Customer Information | Identity Verification | Document Verification | Account Information,Onboarding Confirmation
SESSION-75240EF9,Customer Information,Identity Verification
SESSION-75240EF9,Customer Information | Identity Verification,Document Verification
SESSION-75240EF9,Customer Information | Identity Verification | Document Verification,Account Information
SESSION-75240EF9,Customer Information | Identity Verification | Document Verification | Account Information,Onboarding Confirmation
SESSION-7597598D,Customer Information,Identity Verification
SESSION-7597598D,Customer Information | Identity Verification,Document Verification
SESSION-7597598D,Customer Information | Identity Verification | Document Verification,Account Information
SESSION-7597598D,Customer Information | Identity Verification | Document Verification | Account Information,Onboarding Confirmation
SESSION-7600FB9F,Customer Information,Identity Verification
SESSION-7600FB9F,Customer Information | Identity Verification,Document Verification
SESSION-7600FB9F,Customer Information | Identity Verification | Document Verification,Account Information
SESSION-7600FB9F,Customer Information | Identity Verification | Document Verification | Account Information,Onboarding Confirmation
SESSION-76072522,Customer Information,Identity Verification
SESSION-76072522,Customer Information | Identity Verification,Document Verification
SESSION-76072522,Customer Information | Identity Verification | Document Verification,Account Information
SESSION-76072522,Customer Information | Identity Verification | Document Verification | Account Information,Onboarding Confirmation
SESSION-760B569E,Customer Information,Service Selection
SESSION-760B569E,Customer Information | Service Selection,Document Verification
SESSION-760B569E,Customer Information | Service Selection | Document Verification,Installation
SESSION-760B569E,Customer Information | Service Selection | Document Verification | Installation,Activation
SESSION-7613F955,Customer Information,Service Selection
SESSION-7613F955,Customer Information | Service Selection,Document Verification
SESSION-7613F955,Customer Information | Service Selection | Document Verification,Installation
SESSION-7613F955,Customer Information | Service Selection | Document Verification | Installation,Activation
SESSION-7636791A,Customer Information,Service Selection
SESSION-7636791A,Customer Information | Service Selection,Document Verification
SESSION-7636791A,Customer Information | Service Selection | Document Verification,Installation
SESSION-7636791A,Customer Information | Service Selection | Document Verification | Installation,Activation
SESSION-76C9FD23,Customer Information,Identity Verification
SESSION-76C9FD23,Customer Information | Identity Verification,Document Verification
SESSION-76C9FD23,Customer Information | Identity Verification | Document Verification,Account Information
SESSION-76C9FD23,Customer Information | Identity Verification | Document Verification | Account Information,Onboarding Confirmation
SESSION-77950125,Service Selection,Document Verification
SESSION-77950125,Service Selection | Document Verification,Activation
SESSION-782C46BE,Customer Information,Service Selection
SESSION-782C46BE,Customer Information | Service Selection,Document Verification
SESSION-782C46BE,Customer Information | Service Selection | Document Verification,Installation
SESSION-782C46BE,Customer Information | Service Selection | Document Verification | Installation,Activation
SESSION-78798A3B,Customer Information,Service Selection
SESSION-78798A3B,Customer Information | Service Selection,Document Verification
SESSION-78798A3B,Customer Information | Service Selection | Document Verification,Installation
SESSION-78798A3B,Customer Information | Service Selection | Document Verification | Installation,Activation
SESSION-788DA1D5,Customer Information,Service Selection
SESSION-788DA1D5,Customer Information | Service Selection,Document Verification
SESSION-788DA1D5,Customer Information | Service Selection | Document Verification,Installation
SESSION-788DA1D5,Customer Information | Service Selection | Document Verification | Installation,Activation
SESSION-78A234B4,Customer Information,Service Selection
SESSION-78A234B4,Customer Information | Service Selection,Document Verification
SESSION-78A234B4,Customer Information | Service Selection | Document Verification,Installation
SESSION-78A234B4,Customer Information | Service Selection | Document Verification | Installation,Activation
SESSION-7919D7D6,Customer Information,Identity Verification
SESSION-7919D7D6,Customer Information | Identity Verification,Document Verification
SESSION-7919D7D6,Customer Information | Identity Verification | Document Verification,Account Information
SESSION-7919D7D6,Customer Information | Identity Verification | Document Verification | Account Information,Onboarding Confirmation
SESSION-79533E5B,Customer Information,Identity Verification
SESSION-79533E5B,Customer Information | Identity Verification,Document Verification
SESSION-79533E5B,Customer Information | Identity Verification | Document Verification,Account Information
SESSION-79533E5B,Customer Information | Identity Verification | Document Verification | Account Information,Onboarding Confirmation
SESSION-7B21DA9A,Customer Information,Service Selection
SESSION-7B21DA9A,Customer Information | Service Selection,Document Verification
SESSION-7B21DA9A,Customer Information | Service Selection | Document Verification,Installation
SESSION-7B21DA9A,Customer Information | Service Selection | Document Verification | Installation,Activation
SESSION-7B47BC1E,Customer Information,Service Selection
SESSION-7B47BC1E,Customer Information | Service Selection,Document Verification
SESSION-7B47BC1E,Customer Information | Service Selection | Document Verification,Installation
SESSION-7B47BC1E,Customer Information | Service Selection | Document Verification | Installation,Activation
SESSION-7B84ACBF,Customer Information,Identity Verification
SESSION-7B84ACBF,Customer Information | Identity Verification,Document Verification
SESSION-7B84ACBF,Customer Information | Identity Verification | Document Verification,Account Information
SESSION-7B84ACBF,Customer Information | Identity Verification | Document Verification | Account Information,Onboarding Confirmation
SESSION-7BBA42AB,Customer Information,Identity Verification
SESSION-7BBA42AB,Customer Information | Identity Verification,Document Verification
SESSION-7BBA42AB,Customer Information | Identity Verification | Document Verification,Account Information
SESSION-7BBA42AB,Customer Information | Identity Verification | Document Verification | Account Information,Onboarding Confirmation
SESSION-7C18443F,Customer Information,Service Selection
SESSION-7C18443F,Customer Information | Service Selection,Document Verification
SESSION-7C18443F,Customer Information | Service Selection | Document Verification,Installation
SESSION-7C18443F,Customer Information | Service Selection | Document Verification | Installation,Activation
SESSION-7C776ABD,Customer Information,Identity Verification
SESSION-7C776ABD,Customer Information | Identity Verification,Customer Information
SESSION-7C776ABD,Customer Information | Identity Verification | Customer Information,Document Verification
SESSION-7C776ABD,Customer Information | Identity Verification | Customer Information | Document Verification,Customer Information
SESSION-7C776ABD,Customer Information | Identity Verification | Customer Information | Document Verification | Customer Information,Account Information
SESSION-7C776ABD,Customer Information | Identity Verification | Customer Information | Document Verification | Customer Information | Account Information,Onboarding Confirmation
SESSION-7C7C3B6F,Customer Information,Identity Verification
SESSION-7C7C3B6F,Customer Information | Identity Verification,Document Verification
SESSION-7C7C3B6F,Customer Information | Identity Verification | Document Verification,Account Information
SESSION-7C7C3B6F,Customer Information | Identity Verification | Document Verification | Account Information,Onboarding Confirmation
SESSION-7C970255,Customer Information,Service Selection
SESSION-7C970255,Customer Information | Service Selection,Document Verification
SESSION-7C970255,Customer Information | Service Selection | Document Verification,Installation
SESSION-7C970255,Customer Information | Service Selection | Document Verification | Installation,Activation
SESSION-7CB2F241,Customer Information,Identity Verification
SESSION-7CB2F241,Customer Information | Identity Verification,Document Verification
SESSION-7CB2F241,Customer Information | Identity Verification | Document Verification,Account Information
SESSION-7CB2F241,Customer Information | Identity Verification | Document Verification | Account Information,Onboarding Confirmation
SESSION-7CFB4D09,Customer Information,Service Selection
SESSION-7CFB4D09,Customer Information | Service Selection,Customer Information
SESSION-7CFB4D09,Customer Information | Service Selection | Customer Information,Document Verification
SESSION-7CFB4D09,Customer Information | Service Selection | Customer Information | Document Verification,Installation
SESSION-7CFB4D09,Customer Information | Service Selection | Customer Information | Document Verification | Installation,Activation
SESSION-7D25387D,Customer Information,Identity Verification
SESSION-7D25387D,Customer Information | Identity Verification,Document Verification
SESSION-7D25387D,Customer Information | Identity Verification | Document Verification,Account Information
SESSION-7D25387D,Customer Information | Identity Verification | Document Verification | Account Information,Onboarding Confirmation
SESSION-7D4534C0,Customer Information,Identity Verification
SESSION-7D4534C0,Customer Information | Identity Verification,Document Verification
SESSION-7D4534C0,Customer Information | Identity Verification | Document Verification,Account Information
SESSION-7D4534C0,Customer Information | Identity Verification | Document Verification | Account Information,Onboarding Confirmation
SESSION-7D7D3E65,Customer Information,Identity Verification
SESSION-7D7D3E65,Customer Information | Identity Verification,Document Verification
SESSION-7D7D3E65,Customer Information | Identity Verification | Document Verification,Account Information
SESSION-7D7D3E65,Customer Information | Identity Verification | Document Verification | Account Information,Onboarding Confirmation
SESSION-7D8AC76C,Customer Information,Service Selection
SESSION-7D8AC76C,Customer Information | Service Selection,Document Verification
SESSION-7D8AC76C,Customer Information | Service Selection | Document Verification,Installation
SESSION-7D8AC76C,Customer Information | Service Selection | Document Verification | Installation,Activation
SESSION-7E0D42A9,Customer Information,Service Selection
SESSION-7E0D42A9,Customer Information | Service Selection,Document Verification
SESSION-7E0D42A9,Customer Information | Service Selection | Document Verification,Installation
SESSION-7E0D42A9,Customer Information | Service Selection | Document Verification | Installation,Activation
SESSION-7E2ED5A4,Customer Information,Identity Verification
SESSION-7E2ED5A4,Customer Information | Identity Verification,Document Verification
SESSION-7E2ED5A4,Customer Information | Identity Verification | Document Verification,Account Information
SESSION-7E2ED5A4,Customer Information | Identity Verification | Document Verification | Account Information,Onboarding Confirmation
SESSION-7E4D1BFC,Customer Information,Identity Verification
SESSION-7E4D1BFC,Customer Information | Identity Verification,Document Verification
SESSION-7E4D1BFC,Customer Information | Identity Verification | Document Verification,Account Information
SESSION-7E4D1BFC,Customer Information | Identity Verification | Document Verification | Account Information,Onboarding Confirmation
SESSION-7EAAA8EF,Customer Information,Identity Verification
SESSION-7EAAA8EF,Customer Information | Identity Verification,Document Verification
SESSION-7EAAA8EF,Customer Information | Identity Verification | Document Verification,Account Information
SESSION-7EAAA8EF,Customer Information | Identity Verification | Document Verification | Account Information,Onboarding Confirmation
SESSION-7F325ED9,Customer Information,Identity Verification
SESSION-7F325ED9,Customer Information | Identity Verification,Document Verification
SESSION-7F325ED9,Customer Information | Identity Verification | Document Verification,Account Information
SESSION-7F325ED9,Customer Information | Identity Verification | Document Verification | Account Information,Onboarding Confirmation
SESSION-7F35A91C,Customer Information,Identity Verification
SESSION-7F35A91C,Customer Information | Identity Verification,Document Verification
SESSION-7F35A91C,Customer Information | Identity Verification | Document Verification,Account Information
SESSION-7F35A91C,Customer Information | Identity Verification | Document Verification | Account Information,Onboarding Confirmation
SESSION-7F6FDE74,Customer Information,Service Selection
SESSION-7F6FDE74,Customer Information | Service Selection,Document Verification
SESSION-7F6FDE74,Customer Information | Service Selection | Document Verification,Installation
SESSION-7F6FDE74,Customer Information | Service Selection | Document Verification | Installation,Activation
SESSION-7F8347F8,Customer Information,Service Selection
SESSION-7F8347F8,Customer Information | Service Selection,Document Verification
SESSION-7F8347F8,Customer Information | Service Selection | Document Verification,Service Selection
SESSION-7F8347F8,Customer Information | Service Selection | Document Verification | Service Selection,Installation
SESSION-7F8347F8,Customer Information | Service Selection | Document Verification | Service Selection | Installation,Document Verification
SESSION-7F8347F8,Customer Information | Service Selection | Document Verification | Service Selection | Installation | Document Verification,Activation
SESSION-7F83D66F,Customer Information,Identity Verification
SESSION-7F83D66F,Customer Information | Identity Verification,Document Verification
SESSION-7F83D66F,Customer Information | Identity Verification | Document Verification,Account Information
SESSION-7F83D66F,Customer Information | Identity Verification | Document Verification | Account Information,Onboarding Confirmation
SESSION-7F9405FD,Customer Information,Service Selection
SESSION-7F9405FD,Customer Information | Service Selection,Document Verification
SESSION-7F9405FD,Customer Information | Service Selection | Document Verification,Installation
SESSION-7F9405FD,Customer Information | Service Selection | Document Verification | Installation,Activation
SESSION-7FA3FA77,Customer Information,Service Selection
SESSION-7FA3FA77,Customer Information | Service Selection,Customer Information
SESSION-7FA3FA77,Customer Information | Service Selection | Customer Information,Document Verification
SESSION-7FA3FA77,Customer Information | Service Selection | Customer Information | Document Verification,Installation
SESSION-7FA3FA77,Customer Information | Service Selection | Customer Information | Document Verification | Installation,Activation
SESSION-80B8373B,Customer Information,Service Selection
SESSION-80B8373B,Customer Information | Service Selection,Document Verification
SESSION-80B8373B,Customer Information | Service Selection | Document Verification,Installation
SESSION-80B8373B,Customer Information | Service Selection | Document Verification | Installation,Activation
SESSION-80F1571C,Customer Information,Service Selection
SESSION-80F1571C,Customer Information | Service Selection,Document Verification
SESSION-80F1571C,Customer Information | Service Selection | Document Verification,Installation
SESSION-80F1571C,Customer Information | Service Selection | Document Verification | Installation,Activation
SESSION-80F22869,Customer Information,Identity Verification
SESSION-80F22869,Customer Information | Identity Verification,Customer Information
SESSION-80F22869,Customer Information | Identity Verification | Customer Information,Document Verification
SESSION-80F22869,Customer Information | Identity Verification | Customer Information | Document Verification,Account Information
SESSION-80F22869,Customer Information | Identity Verification | Customer Information | Document Verification | Account Information,Customer Information
SESSION-80F22869,Customer Information | Identity Verification | Customer Information | Document Verification | Account Information | Customer Information,Onboarding Confirmation
SESSION-80F22869,Customer Information | Identity Verification | Customer Information | Document Verification | Account Information | Customer Information | Onboarding Confirmation,Account Information
SESSION-81526EDD,Customer Information,Service Selection
SESSION-81526EDD,Customer Information | Service Selection,Document Verification
SESSION-81526EDD,Customer Information | Service Selection | Document Verification,Installation
SESSION-81526EDD,Customer Information | Service Selection | Document Verification | Installation,Activation
SESSION-81C472AB,Customer Information,Service Selection
SESSION-81C472AB,Customer Information | Service Selection,Document Verification
SESSION-81C472AB,Customer Information | Service Selection | Document Verification,Installation
SESSION-81C472AB,Customer Information | Service Selection | Document Verification | Installation,Activation
SESSION-81C56813,Document Verification,Activation
SESSION-81C6928A,Customer Information,Identity Verification
SESSION-81C6928A,Customer Information | Identity Verification,Document Verification
SESSION-81C6928A,Customer Information | Identity Verification | Document Verification,Account Information
SESSION-81C6928A,Customer Information | Identity Verification | Document Verification | Account Information,Onboarding Confirmation
SESSION-826C8E08,Customer Information,Service Selection
SESSION-826C8E08,Customer Information | Service Selection,Document Verification
SESSION-826C8E08,Customer Information | Service Selection | Document Verification,Installation
SESSION-826C8E08,Customer Information | Service Selection | Document Verification | Installation,Activation
SESSION-82DCE2DD,Customer Information,Identity Verification
SESSION-82DCE2DD,Customer Information | Identity Verification,Document Verification
SESSION-82DCE2DD,Customer Information | Identity Verification | Document Verification,Account Information
SESSION-82DCE2DD,Customer Information | Identity Verification | Document Verification | Account Information,Onboarding Confirmation
SESSION-82F4B202,Customer Information,Service Selection
SESSION-82F4B202,Customer Information | Service Selection,Document Verification
SESSION-82F4B202,Customer Information | Service Selection | Document Verification,Installation
SESSION-82F4B202,Customer Information | Service Selection | Document Verification | Installation,Activation
SESSION-830C1C30,Customer Information,Identity Verification
SESSION-830C1C30,Customer Information | Identity Verification,Document Verification
SESSION-830C1C30,Customer Information | Identity Verification | Document Verification,Account Information
SESSION-830C1C30,Customer Information | Identity Verification | Document Verification | Account Information,Onboarding Confirmation
SESSION-835D8363,Customer Information,Service Selection
SESSION-835D8363,Customer Information | Service Selection,Document Verification
SESSION-835D8363,Customer Information | Service Selection | Document Verification,Installation
SESSION-835D8363,Customer Information | Service Selection | Document Verification | Installation,Activation
SESSION-83E2E4B9,Customer Information,Service Selection
SESSION-83E2E4B9,Customer Information | Service Selection,Document Verification
SESSION-83E2E4B9,Customer Information | Service Selection | Document Verification,Installation
SESSION-83E2E4B9,Customer Information | Service Selection | Document Verification | Installation,Activation
SESSION-83E2E4B9,Customer Information | Service Selection | Document Verification | Installation | Activation,Installation
SESSION-83EC9931,Customer Information,Identity Verification
SESSION-83EC9931,Customer Information | Identity Verification,Document Verification
SESSION-83EC9931,Customer Information | Identity Verification | Document Verification,Account Information
SESSION-83EC9931,Customer Information | Identity Verification | Document Verification | Account Information,Onboarding Confirmation
SESSION-840334EE,Customer Information,Service Selection
SESSION-840334EE,Customer Information | Service Selection,Document Verification
SESSION-840334EE,Customer Information | Service Selection | Document Verification,Installation
SESSION-840334EE,Customer Information | Service Selection | Document Verification | Installation,Activation
SESSION-8406FF6B,Customer Information,Identity Verification
SESSION-8406FF6B,Customer Information | Identity Verification,Document Verification
SESSION-8406FF6B,Customer Information | Identity Verification | Document Verification,Account Information
SESSION-8406FF6B,Customer Information | Identity Verification | Document Verification | Account Information,Onboarding Confirmation
SESSION-843D52AA,Customer Information,Service Selection
SESSION-843D52AA,Customer Information | Service Selection,Document Verification
SESSION-843D52AA,Customer Information | Service Selection | Document Verification,Installation
SESSION-843D52AA,Customer Information | Service Selection | Document Verification | Installation,Activation
SESSION-8440B978,Customer Information,Identity Verification
SESSION-8440B978,Customer Information | Identity Verification,Document Verification
SESSION-8440B978,Customer Information | Identity Verification | Document Verification,Account Information
SESSION-8440B978,Customer Information | Identity Verification | Document Verification | Account Information,Onboarding Confirmation
SESSION-848F21F4,Customer Information,Service Selection
SESSION-848F21F4,Customer Information | Service Selection,Document Verification
SESSION-848F21F4,Customer Information | Service Selection | Document Verification,Installation
SESSION-848F21F4,Customer Information | Service Selection | Document Verification | Installation,Activation
SESSION-854B6738,Customer Information,Identity Verification
SESSION-854B6738,Customer Information | Identity Verification,Document Verification
SESSION-854B6738,Customer Information | Identity Verification | Document Verification,Account Information
SESSION-854B6738,Customer Information | Identity Verification | Document Verification | Account Information,Onboarding Confirmation
SESSION-85B872E1,Customer Information,Identity Verification
SESSION-85B872E1,Customer Information | Identity Verification,Document Verification
SESSION-85B872E1,Customer Information | Identity Verification | Document Verification,Account Information
SESSION-85B872E1,Customer Information | Identity Verification | Document Verification | Account Information,Onboarding Confirmation
SESSION-85B872E1,Customer Information | Identity Verification | Document Verification | Account Information | Onboarding Confirmation,Account Information
SESSION-864325CC,Customer Information,Identity Verification
SESSION-864325CC,Customer Information | Identity Verification,Document Verification
SESSION-864325CC,Customer Information | Identity Verification | Document Verification,Account Information
SESSION-864325CC,Customer Information | Identity Verification | Document Verification | Account Information,Onboarding Confirmation
SESSION-864A9380,Customer Information,Identity Verification
SESSION-864A9380,Customer Information | Identity Verification,Document Verification
SESSION-864A9380,Customer Information | Identity Verification | Document Verification,Account Information
SESSION-864A9380,Customer Information | Identity Verification | Document Verification | Account Information,Onboarding Confirmation
SESSION-864A9380,Customer Information | Identity Verification | Document Verification | Account Information | Onboarding Confirmation,Customer Information
SESSION-864E7677,Customer Information,Identity Verification
SESSION-864E7677,Customer Information | Identity Verification,Document Verification
SESSION-864E7677,Customer Information | Identity Verification | Document Verification,Account Information
SESSION-864E7677,Customer Information | Identity Verification | Document Verification | Account Information,Onboarding Confirmation
SESSION-866C42CF,Customer Information,Identity Verification
SESSION-866C42CF,Customer Information | Identity Verification,Account Information
SESSION-866C42CF,Customer Information | Identity Verification | Account Information,Onboarding Confirmation
SESSION-86790AEC,Customer Information,Identity Verification
SESSION-86790AEC,Customer Information | Identity Verification,Document Verification
SESSION-86790AEC,Customer Information | Identity Verification | Document Verification,Account Information
SESSION-86790AEC,Customer Information | Identity Verification | Document Verification | Account Information,Onboarding Confirmation
SESSION-86998F83,Customer Information,Service Selection
SESSION-86998F83,Customer Information | Service Selection,Document Verification
SESSION-86998F83,Customer Information | Service Selection | Document Verification,Installation
SESSION-86998F83,Customer Information | Service Selection | Document Verification | Installation,Activation
SESSION-869CCB13,Customer Information,Service Selection
SESSION-869CCB13,Customer Information | Service Selection,Document Verification
SESSION-869CCB13,Customer Information | Service Selection | Document Verification,Installation
SESSION-869CCB13,Customer Information | Service Selection | Document Verification | Installation,Activation
SESSION-86C7EC67,Customer Information,Identity Verification
SESSION-86C7EC67,Customer Information | Identity Verification,Document Verification
SESSION-86C7EC67,Customer Information | Identity Verification | Document Verification,Account Information
SESSION-86C7EC67,Customer Information | Identity Verification | Document Verification | Account Information,Onboarding Confirmation
SESSION-86E856FA,Customer Information,Service Selection
SESSION-86E856FA,Customer Information | Service Selection,Document Verification
SESSION-86E856FA,Customer Information | Service Selection | Document Verification,Installation
SESSION-86E856FA,Customer Information | Service Selection | Document Verification | Installation,Activation
SESSION-87172ACA,Customer Information,Document Verification
SESSION-87172ACA,Customer Information | Document Verification,Onboarding Confirmation
SESSION-87281718,Customer Information,Service Selection
SESSION-87281718,Customer Information | Service Selection,Document Verification
SESSION-87281718,Customer Information | Service Selection | Document Verification,Installation
SESSION-87281718,Customer Information | Service Selection | Document Verification | Installation,Document Verification
SESSION-87281718,Customer Information | Service Selection | Document Verification | Installation | Document Verification,Activation
SESSION-8755FD0A,Customer Information,Service Selection
SESSION-8755FD0A,Customer Information | Service Selection,Document Verification
SESSION-8755FD0A,Customer Information | Service Selection | Document Verification,Installation
SESSION-8755FD0A,Customer Information | Service Selection | Document Verification | Installation,Activation
SESSION-8810E48D,Customer Information,Identity Verification
SESSION-8810E48D,Customer Information | Identity Verification,Customer Information
SESSION-8810E48D,Customer Information | Identity Verification | Customer Information,Document Verification
SESSION-8810E48D,Customer Information | Identity Verification | Customer Information | Document Verification,Account Information
SESSION-8810E48D,Customer Information | Identity Verification | Customer Information | Document Verification | Account Information,Onboarding Confirmation
SESSION-886A8EDB,Customer Information,Identity Verification
SESSION-886A8EDB,Customer Information | Identity Verification,Document Verification
SESSION-886A8EDB,Customer Information | Identity Verification | Document Verification,Account Information
SESSION-886A8EDB,Customer Information | Identity Verification | Document Verification | Account Information,Onboarding Confirmation
SESSION-888C9164,Customer Information,Identity Verification
SESSION-888C9164,Customer Information | Identity Verification,Document Verification
SESSION-888C9164,Customer Information | Identity Verification | Document Verification,Account Information
SESSION-888C9164,Customer Information | Identity Verification | Document Verification | Account Information,Onboarding Confirmation
SESSION-88FDBC2C,Customer Information,Service Selection
SESSION-88FDBC2C,Customer Information | Service Selection,Document Verification
SESSION-88FDBC2C,Customer Information | Service Selection | Document Verification,Installation
SESSION-88FDBC2C,Customer Information | Service Selection | Document Verification | Installation,Activation
SESSION-8929413A,Customer Information,Service Selection
SESSION-8929413A,Customer Information | Service Selection,Document Verification
SESSION-8929413A,Customer Information | Service Selection | Document Verification,Installation
SESSION-8929413A,Customer Information | Service Selection | Document Verification | Installation,Activation
SESSION-894EED57,Customer Information,Service Selection
SESSION-894EED57,Customer Information | Service Selection,Document Verification
SESSION-894EED57,Customer Information | Service Selection | Document Verification,Installation
SESSION-894EED57,Customer Information | Service Selection | Document Verification | Installation,Activation
SESSION-8A0665D9,Customer Information,Service Selection
SESSION-8A0665D9,Customer Information | Service Selection,Document Verification
SESSION-8A0665D9,Customer Information | Service Selection | Document Verification,Installation
SESSION-8A0665D9,Customer Information | Service Selection | Document Verification | Installation,Activation
SESSION-8A095469,Customer Information,Identity Verification
SESSION-8A095469,Customer Information | Identity Verification,Document Verification
SESSION-8A095469,Customer Information | Identity Verification | Document Verification,Account Information
SESSION-8A095469,Customer Information | Identity Verification | Document Verification | Account Information,Onboarding Confirmation
SESSION-8A5658E4,Customer Information,Service Selection
SESSION-8A5658E4,Customer Information | Service Selection,Document Verification
SESSION-8A5658E4,Customer Information | Service Selection | Document Verification,Installation
SESSION-8A5658E4,Customer Information | Service Selection | Document Verification | Installation,Activation
SESSION-8AFA7E7D,Customer Information,Service Selection
SESSION-8AFA7E7D,Customer Information | Service Selection,Document Verification
SESSION-8AFA7E7D,Customer Information | Service Selection | Document Verification,Installation
SESSION-8AFA7E7D,Customer Information | Service Selection | Document Verification | Installation,Activation
SESSION-8AFF0171,Customer Information,Service Selection
SESSION-8AFF0171,Customer Information | Service Selection,Document Verification
SESSION-8AFF0171,Customer Information | Service Selection | Document Verification,Installation
SESSION-8AFF0171,Customer Information | Service Selection | Document Verification | Installation,Activation
SESSION-8B2E6E0A,Customer Information,Service Selection
SESSION-8B2E6E0A,Customer Information | Service Selection,Document Verification
SESSION-8B2E6E0A,Customer Information | Service Selection | Document Verification,Installation
SESSION-8B2E6E0A,Customer Information | Service Selection | Document Verification | Installation,Activation
SESSION-8C7E94E9,Customer Information,Service Selection
SESSION-8C7E94E9,Customer Information | Service Selection,Document Verification
SESSION-8C7E94E9,Customer Information | Service Selection | Document Verification,Installation
SESSION-8C7E94E9,Customer Information | Service Selection | Document Verification | Installation,Activation
SESSION-8C7E94E9,Customer Information | Service Selection | Document Verification | Installation | Activation,Service Selection
SESSION-8C8CD167,Customer Information,Service Selection
SESSION-8C8CD167,Customer Information | Service Selection,Document Verification
SESSION-8C8CD167,Customer Information | Service Selection | Document Verification,Installation
SESSION-8C8CD167,Customer Information | Service Selection | Document Verification | Installation,Activation
SESSION-8CE61181,Customer Information,Service Selection
SESSION-8CE61181,Customer Information | Service Selection,Document Verification
SESSION-8CE61181,Customer Information | Service Selection | Document Verification,Installation
SESSION-8CE61181,Customer Information | Service Selection | Document Verification | Installation,Activation
SESSION-8D5528EA,Customer Information,Service Selection
SESSION-8D5528EA,Customer Information | Service Selection,Document Verification
SESSION-8D5528EA,Customer Information | Service Selection | Document Verification,Installation
SESSION-8D5528EA,Customer Information | Service Selection | Document Verification | Installation,Activation
SESSION-8D888690,Customer Information,Service Selection
SESSION-8D888690,Customer Information | Service Selection,Document Verification
SESSION-8D888690,Customer Information | Service Selection | Document Verification,Installation
SESSION-8D888690,Customer Information | Service Selection | Document Verification | Installation,Activation
SESSION-8E0B0BBE,Customer Information,Identity Verification
SESSION-8E0B0BBE,Customer Information | Identity Verification,Document Verification
SESSION-8E0B0BBE,Customer Information | Identity Verification | Document Verification,Customer Information
SESSION-8E0B0BBE,Customer Information | Identity Verification | Document Verification | Customer Information,Account Information
SESSION-8E0B0BBE,Customer Information | Identity Verification | Document Verification | Customer Information | Account Information,Onboarding Confirmation
SESSION-8E1ACB4C,Customer Information,Service Selection
SESSION-8E1ACB4C,Customer Information | Service Selection,Document Verification
SESSION-8E1ACB4C,Customer Information | Service Selection | Document Verification,Installation
SESSION-8E1ACB4C,Customer Information | Service Selection | Document Verification | Installation,Activation
SESSION-8E46EB6F,Customer Information,Identity Verification
SESSION-8E46EB6F,Customer Information | Identity Verification,Document Verification
SESSION-8E46EB6F,Customer Information | Identity Verification | Document Verification,Account Information
SESSION-8E46EB6F,Customer Information | Identity Verification | Document Verification | Account Information,Onboarding Confirmation
SESSION-8E8A0C37,Customer Information,Identity Verification
SESSION-8E8A0C37,Customer Information | Identity Verification,Document Verification
SESSION-8E8A0C37,Customer Information | Identity Verification | Document Verification,Account Information
SESSION-8E8A0C37,Customer Information | Identity Verification | Document Verification | Account Information,Onboarding Confirmation
SESSION-8EAD2303,Customer Information,Service Selection
SESSION-8EAD2303,Customer Information | Service Selection,Document Verification
SESSION-8EAD2303,Customer Information | Service Selection | Document Verification,Installation
SESSION-8EAD2303,Customer Information | Service Selection | Document Verification | Installation,Activation
SESSION-8EB269F1,Customer Information,Service Selection
SESSION-8EB269F1,Customer Information | Service Selection,Document Verification
SESSION-8EB269F1,Customer Information | Service Selection | Document Verification,Installation
SESSION-8EB269F1,Customer Information | Service Selection | Document Verification | Installation,Activation
SESSION-8EC1C0BB,Customer Information,Service Selection
SESSION-8EC1C0BB,Customer Information | Service Selection,Document Verification
SESSION-8EC1C0BB,Customer Information | Service Selection | Document Verification,Installation
SESSION-8EC1C0BB,Customer Information | Service Selection | Document Verification | Installation,Activation
SESSION-8EE6F0E3,Customer Information,Identity Verification
SESSION-8EE6F0E3,Customer Information | Identity Verification,Document Verification
SESSION-8EE6F0E3,Customer Information | Identity Verification | Document Verification,Account Information
SESSION-8EE6F0E3,Customer Information | Identity Verification | Document Verification | Account Information,Onboarding Confirmation
SESSION-8EF96F5C,Customer Information,Service Selection
SESSION-8EF96F5C,Customer Information | Service Selection,Document Verification
SESSION-8EF96F5C,Customer Information | Service Selection | Document Verification,Installation
SESSION-8EF96F5C,Customer Information | Service Selection | Document Verification | Installation,Activation
SESSION-8F01C3A3,Customer Information,Identity Verification
SESSION-8F01C3A3,Customer Information | Identity Verification,Document Verification
SESSION-8F01C3A3,Customer Information | Identity Verification | Document Verification,Account Information
SESSION-8F01C3A3,Customer Information | Identity Verification | Document Verification | Account Information,Onboarding Confirmation
SESSION-8F1301F9,Customer Information,Service Selection
SESSION-8F1301F9,Customer Information | Service Selection,Document Verification
SESSION-8F1301F9,Customer Information | Service Selection | Document Verification,Installation
SESSION-8F1301F9,Customer Information | Service Selection | Document Verification | Installation,Activation
SESSION-8F1CF511,Customer Information,Service Selection
SESSION-8F1CF511,Customer Information | Service Selection,Document Verification
SESSION-8F1CF511,Customer Information | Service Selection | Document Verification,Installation
SESSION-8F1CF511,Customer Information | Service Selection | Document Verification | Installation,Activation
SESSION-8F54B7F9,Customer Information,Service Selection
SESSION-8F54B7F9,Customer Information | Service Selection,Document Verification
SESSION-8F54B7F9,Customer Information | Service Selection | Document Verification,Installation
SESSION-8F54B7F9,Customer Information | Service Selection | Document Verification | Installation,Customer Information
SESSION-8F54B7F9,Customer Information | Service Selection | Document Verification | Installation | Customer Information,Activation
SESSION-8F68A831,Customer Information,Identity Verification
SESSION-8F68A831,Customer Information | Identity Verification,Document Verification
SESSION-8F68A831,Customer Information | Identity Verification | Document Verification,Account Information
SESSION-8F68A831,Customer Information | Identity Verification | Document Verification | Account Information,Onboarding Confirmation
SESSION-8F96F99E,Customer Information,Service Selection
SESSION-8F96F99E,Customer Information | Service Selection,Document Verification
SESSION-8F96F99E,Customer Information | Service Selection | Document Verification,Installation
SESSION-8F96F99E,Customer Information | Service Selection | Document Verification | Installation,Activation
SESSION-8FDC5CCA,Customer Information,Service Selection
SESSION-8FDC5CCA,Customer Information | Service Selection,Document Verification
SESSION-8FDC5CCA,Customer Information | Service Selection | Document Verification,Installation
SESSION-8FDC5CCA,Customer Information | Service Selection | Document Verification | Installation,Activation
SESSION-8FEC221C,Customer Information,Service Selection
SESSION-8FEC221C,Customer Information | Service Selection,Document Verification
SESSION-8FEC221C,Customer Information | Service Selection | Document Verification,Installation
SESSION-8FEC221C,Customer Information | Service Selection | Document Verification | Installation,Activation
SESSION-8FED9347,Customer Information,Service Selection
SESSION-8FED9347,Customer Information | Service Selection,Document Verification
SESSION-8FED9347,Customer Information | Service Selection | Document Verification,Installation
SESSION-8FED9347,Customer Information | Service Selection | Document Verification | Installation,Activation
SESSION-9054C113,Customer Information,Service Selection
SESSION-9054C113,Customer Information | Service Selection,Document Verification
SESSION-9054C113,Customer Information | Service Selection | Document Verification,Installation
SESSION-9054C113,Customer Information | Service Selection | Document Verification | Installation,Activation
SESSION-918A2CC7,Customer Information,Service Selection
SESSION-918A2CC7,Customer Information | Service Selection,Document Verification
SESSION-918A2CC7,Customer Information | Service Selection | Document Verification,Installation
SESSION-918A2CC7,Customer Information | Service Selection | Document Verification | Installation,Activation
SESSION-91CEE4A0,Customer Information,Service Selection
SESSION-91CEE4A0,Customer Information | Service Selection,Customer Information
SESSION-91CEE4A0,Customer Information | Service Selection | Customer Information,Document Verification
SESSION-91CEE4A0,Customer Information | Service Selection | Customer Information | Document Verification,Installation
SESSION-91CEE4A0,Customer Information | Service Selection | Customer Information | Document Verification | Installation,Activation
SESSION-920D359E,Customer Information,Identity Verification
SESSION-920D359E,Customer Information | Identity Verification,Document Verification
SESSION-920D359E,Customer Information | Identity Verification | Document Verification,Account Information
SESSION-920D359E,Customer Information | Identity Verification | Document Verification | Account Information,Onboarding Confirmation
SESSION-924C779E,Customer Information,Identity Verification
SESSION-924C779E,Customer Information | Identity Verification,Document Verification
SESSION-924C779E,Customer Information | Identity Verification | Document Verification,Account Information
SESSION-924C779E,Customer Information | Identity Verification | Document Verification | Account Information,Onboarding Confirmation
SESSION-92982875,Customer Information,Identity Verification
SESSION-92982875,Customer Information | Identity Verification,Document Verification
SESSION-92982875,Customer Information | Identity Verification | Document Verification,Account Information
SESSION-92982875,Customer Information | Identity Verification | Document Verification | Account Information,Onboarding Confirmation
SESSION-932C4F73,Customer Information,Service Selection
SESSION-932C4F73,Customer Information | Service Selection,Document Verification
SESSION-932C4F73,Customer Information | Service Selection | Document Verification,Installation
SESSION-932C4F73,Customer Information | Service Selection | Document Verification | Installation,Activation
SESSION-939A4708,Customer Information,Service Selection
SESSION-939A4708,Customer Information | Service Selection,Document Verification
SESSION-939A4708,Customer Information | Service Selection | Document Verification,Installation
SESSION-939A4708,Customer Information | Service Selection | Document Verification | Installation,Activation
SESSION-93AED8A8,Customer Information,Service Selection
SESSION-93AED8A8,Customer Information | Service Selection,Document Verification
SESSION-93AED8A8,Customer Information | Service Selection | Document Verification,Installation
SESSION-93AED8A8,Customer Information | Service Selection | Document Verification | Installation,Activation
SESSION-93B05DEF,Service Selection,Document Verification
SESSION-93B05DEF,Service Selection | Document Verification,Installation
SESSION-93B05DEF,Service Selection | Document Verification | Installation,Activation
SESSION-93F0A030,Customer Information,Service Selection
SESSION-93F0A030,Customer Information | Service Selection,Document Verification
SESSION-93F0A030,Customer Information | Service Selection | Document Verification,Installation
SESSION-93F0A030,Customer Information | Service Selection | Document Verification | Installation,Activation
SESSION-94252E94,Customer Information,Service Selection
SESSION-94252E94,Customer Information | Service Selection,Document Verification
SESSION-94252E94,Customer Information | Service Selection | Document Verification,Installation
SESSION-94252E94,Customer Information | Service Selection | Document Verification | Installation,Activation
SESSION-942F39FF,Customer Information,Identity Verification
SESSION-942F39FF,Customer Information | Identity Verification,Document Verification
SESSION-942F39FF,Customer Information | Identity Verification | Document Verification,Account Information
SESSION-942F39FF,Customer Information | Identity Verification | Document Verification | Account Information,Onboarding Confirmation
SESSION-946C3C5E,Customer Information,Service Selection
SESSION-946C3C5E,Customer Information | Service Selection,Document Verification
SESSION-946C3C5E,Customer Information | Service Selection | Document Verification,Installation
SESSION-946C3C5E,Customer Information | Service Selection | Document Verification | Installation,Activation
SESSION-94B4C2CD,Customer Information,Service Selection
SESSION-94B4C2CD,Customer Information | Service Selection,Document Verification
SESSION-94B4C2CD,Customer Information | Service Selection | Document Verification,Installation
SESSION-94B4C2CD,Customer Information | Service Selection | Document Verification | Installation,Activation
SESSION-95AA26E4,Customer Information,Identity Verification
SESSION-95AA26E4,Customer Information | Identity Verification,Document Verification
SESSION-95AA26E4,Customer Information | Identity Verification | Document Verification,Account Information
SESSION-95AA26E4,Customer Information | Identity Verification | Document Verification | Account Information,Onboarding Confirmation
SESSION-95DD9D45,Customer Information,Service Selection
SESSION-95DD9D45,Customer Information | Service Selection,Document Verification
SESSION-95DD9D45,Customer Information | Service Selection | Document Verification,Installation
SESSION-95DD9D45,Customer Information | Service Selection | Document Verification | Installation,Activation
SESSION-9638CADA,Customer Information,Service Selection
SESSION-9638CADA,Customer Information | Service Selection,Document Verification
SESSION-9638CADA,Customer Information | Service Selection | Document Verification,Installation
SESSION-9638CADA,Customer Information | Service Selection | Document Verification | Installation,Activation
SESSION-9670E543,Customer Information,Identity Verification
SESSION-9670E543,Customer Information | Identity Verification,Document Verification
SESSION-9670E543,Customer Information | Identity Verification | Document Verification,Account Information
SESSION-9670E543,Customer Information | Identity Verification | Document Verification | Account Information,Onboarding Confirmation
SESSION-9683EA7C,Customer Information,Identity Verification
SESSION-9683EA7C,Customer Information | Identity Verification,Document Verification
SESSION-9683EA7C,Customer Information | Identity Verification | Document Verification,Account Information
SESSION-9683EA7C,Customer Information | Identity Verification | Document Verification | Account Information,Onboarding Confirmation
SESSION-96CE11C6,Customer Information,Identity Verification
SESSION-96CE11C6,Customer Information | Identity Verification,Document Verification
SESSION-96CE11C6,Customer Information | Identity Verification | Document Verification,Account Information
SESSION-96CE11C6,Customer Information | Identity Verification | Document Verification | Account Information,Onboarding Confirmation
SESSION-97178501,Customer Information,Service Selection
SESSION-97178501,Customer Information | Service Selection,Document Verification
SESSION-97178501,Customer Information | Service Selection | Document Verification,Installation
SESSION-97178501,Customer Information | Service Selection | Document Verification | Installation,Activation
SESSION-977879EF,Customer Information,Identity Verification
SESSION-977879EF,Customer Information | Identity Verification,Document Verification
SESSION-977879EF,Customer Information | Identity Verification | Document Verification,Account Information
SESSION-977879EF,Customer Information | Identity Verification | Document Verification | Account Information,Onboarding Confirmation
SESSION-977879EF,Customer Information | Identity Verification | Document Verification | Account Information | Onboarding Confirmation,Customer Information
SESSION-9780D08D,Customer Information,Identity Verification
SESSION-9780D08D,Customer Information | Identity Verification,Document Verification
SESSION-9780D08D,Customer Information | Identity Verification | Document Verification,Account Information
SESSION-9780D08D,Customer Information | Identity Verification | Document Verification | Account Information,Onboarding Confirmation
SESSION-978F2FD6,Customer Information,Service Selection
SESSION-978F2FD6,Customer Information | Service Selection,Document Verification
SESSION-978F2FD6,Customer Information | Service Selection | Document Verification,Installation
SESSION-978F2FD6,Customer Information | Service Selection | Document Verification | Installation,Activation
SESSION-97920251,Customer Information,Identity Verification
SESSION-97920251,Customer Information | Identity Verification,Document Verification
SESSION-97920251,Customer Information | Identity Verification | Document Verification,Account Information
SESSION-97920251,Customer Information | Identity Verification | Document Verification | Account Information,Customer Information
SESSION-97920251,Customer Information | Identity Verification | Document Verification | Account Information | Customer Information,Onboarding Confirmation
SESSION-980BE073,Customer Information,Identity Verification
SESSION-980BE073,Customer Information | Identity Verification,Document Verification
SESSION-980BE073,Customer Information | Identity Verification | Document Verification,Account Information
SESSION-980BE073,Customer Information | Identity Verification | Document Verification | Account Information,Onboarding Confirmation
SESSION-9816AB39,Customer Information,Identity Verification
SESSION-9816AB39,Customer Information | Identity Verification,Document Verification
SESSION-9816AB39,Customer Information | Identity Verification | Document Verification,Account Information
SESSION-9816AB39,Customer Information | Identity Verification | Document Verification | Account Information,Onboarding Confirmation
SESSION-9885FD90,Customer Information,Identity Verification
SESSION-9885FD90,Customer Information | Identity Verification,Document Verification
SESSION-9885FD90,Customer Information | Identity Verification | Document Verification,Account Information
SESSION-9885FD90,Customer Information | Identity Verification | Document Verification | Account Information,Onboarding Confirmation
SESSION-98A1D796,Customer Information,Service Selection
SESSION-98A1D796,Customer Information | Service Selection,Document Verification
SESSION-98A1D796,Customer Information | Service Selection | Document Verification,Installation
SESSION-98A1D796,Customer Information | Service Selection | Document Verification | Installation,Activation
SESSION-98C26B5A,Customer Information,Identity Verification
SESSION-98C26B5A,Customer Information | Identity Verification,Document Verification
SESSION-98C26B5A,Customer Information | Identity Verification | Document Verification,Account Information
SESSION-98C26B5A,Customer Information | Identity Verification | Document Verification | Account Information,Onboarding Confirmation
SESSION-98F67854,Customer Information,Identity Verification
SESSION-98F67854,Customer Information | Identity Verification,Document Verification
SESSION-98F67854,Customer Information | Identity Verification | Document Verification,Account Information
SESSION-98F67854,Customer Information | Identity Verification | Document Verification | Account Information,Onboarding Confirmation
SESSION-994DF0A4,Customer Information,Service Selection
SESSION-994DF0A4,Customer Information | Service Selection,Document Verification
SESSION-994DF0A4,Customer Information | Service Selection | Document Verification,Installation
SESSION-994DF0A4,Customer Information | Service Selection | Document Verification | Installation,Activation
SESSION-9977A8A1,Customer Information,Identity Verification
SESSION-9977A8A1,Customer Information | Identity Verification,Document Verification
SESSION-9977A8A1,Customer Information | Identity Verification | Document Verification,Account Information
SESSION-9977A8A1,Customer Information | Identity Verification | Document Verification | Account Information,Onboarding Confirmation
SESSION-998C59B3,Customer Information,Service Selection
SESSION-998C59B3,Customer Information | Service Selection,Document Verification
SESSION-998C59B3,Customer Information | Service Selection | Document Verification,Installation
SESSION-998C59B3,Customer Information | Service Selection | Document Verification | Installation,Activation
SESSION-99B9120A,Customer Information,Document Verification
SESSION-99B9120A,Customer Information | Document Verification,Installation
SESSION-99B9120A,Customer Information | Document Verification | Installation,Activation
SESSION-99C6F9B4,Customer Information,Identity Verification
SESSION-99C6F9B4,Customer Information | Identity Verification,Document Verification
SESSION-99C6F9B4,Customer Information | Identity Verification | Document Verification,Account Information
SESSION-99C6F9B4,Customer Information | Identity Verification | Document Verification | Account Information,Onboarding Confirmation
SESSION-99E96E88,Customer Information,Identity Verification
SESSION-99E96E88,Customer Information | Identity Verification,Document Verification
SESSION-99E96E88,Customer Information | Identity Verification | Document Verification,Account Information
SESSION-99E96E88,Customer Information | Identity Verification | Document Verification | Account Information,Onboarding Confirmation
SESSION-9A88BDCC,Customer Information,Service Selection
SESSION-9A88BDCC,Customer Information | Service Selection,Document Verification
SESSION-9A88BDCC,Customer Information | Service Selection | Document Verification,Installation
SESSION-9A88BDCC,Customer Information | Service Selection | Document Verification | Installation,Activation
SESSION-9A88BDCC,Customer Information | Service Selection | Document Verification | Installation | Activation,Customer Information
SESSION-9A9C1076,Customer Information,Service Selection
SESSION-9A9C1076,Customer Information | Service Selection,Document Verification
SESSION-9A9C1076,Customer Information | Service Selection | Document Verification,Installation
SESSION-9A9C1076,Customer Information | Service Selection | Document Verification | Installation,Activation
SESSION-9AE4D1C0,Customer Information,Identity Verification
SESSION-9AE4D1C0,Customer Information | Identity Verification,Document Verification
SESSION-9AE4D1C0,Customer Information | Identity Verification | Document Verification,Account Information
SESSION-9AE4D1C0,Customer Information | Identity Verification | Document Verification | Account Information,Identity Verification
SESSION-9AE4D1C0,Customer Information | Identity Verification | Document Verification | Account Information | Identity Verification,Onboarding Confirmation
SESSION-9AE4D1C0,Customer Information | Identity Verification | Document Verification | Account Information | Identity Verification | Onboarding Confirmation,Account Information
SESSION-9B08A9DA,Customer Information,Identity Verification
SESSION-9B08A9DA,Customer Information | Identity Verification,Document Verification
SESSION-9B08A9DA,Customer Information | Identity Verification | Document Verification,Account Information
SESSION-9B08A9DA,Customer Information | Identity Verification | Document Verification | Account Information,Onboarding Confirmation
SESSION-9B0C3A8A,Customer Information,Service Selection
SESSION-9B0C3A8A,Customer Information | Service Selection,Document Verification
SESSION-9B0C3A8A,Customer Information | Service Selection | Document Verification,Installation
SESSION-9B0C3A8A,Customer Information | Service Selection | Document Verification | Installation,Activation
SESSION-9B812ACF,Customer Information,Service Selection
SESSION-9B812ACF,Customer Information | Service Selection,Customer Information
SESSION-9B812ACF,Customer Information | Service Selection | Customer Information,Document Verification
SESSION-9B812ACF,Customer Information | Service Selection | Customer Information | Document Verification,Installation
SESSION-9B812ACF,Customer Information | Service Selection | Customer Information | Document Verification | Installation,Activation
SESSION-9B93040D,Customer Information,Service Selection
SESSION-9B93040D,Customer Information | Service Selection,Document Verification
SESSION-9B93040D,Customer Information | Service Selection | Document Verification,Installation
SESSION-9B93040D,Customer Information | Service Selection | Document Verification | Installation,Activation
SESSION-9C05145E,Customer Information,Document Verification
SESSION-9C05145E,Customer Information | Document Verification,Activation
SESSION-9C15193D,Customer Information,Service Selection
SESSION-9C15193D,Customer Information | Service Selection,Document Verification
SESSION-9C15193D,Customer Information | Service Selection | Document Verification,Installation
SESSION-9C15193D,Customer Information | Service Selection | Document Verification | Installation,Activation
SESSION-9C1DEE00,Customer Information,Service Selection
SESSION-9C1DEE00,Customer Information | Service Selection,Document Verification
SESSION-9C1DEE00,Customer Information | Service Selection | Document Verification,Installation
SESSION-9C1DEE00,Customer Information | Service Selection | Document Verification | Installation,Activation
SESSION-9C24D6BC,Customer Information,Identity Verification
SESSION-9C24D6BC,Customer Information | Identity Verification,Document Verification
SESSION-9C24D6BC,Customer Information | Identity Verification | Document Verification,Account Information
SESSION-9C24D6BC,Customer Information | Identity Verification | Document Verification | Account Information,Onboarding Confirmation
SESSION-9C7CFF95,Customer Information,Service Selection
SESSION-9C7CFF95,Customer Information | Service Selection,Document Verification
SESSION-9C7CFF95,Customer Information | Service Selection | Document Verification,Customer Information
SESSION-9C7CFF95,Customer Information | Service Selection | Document Verification | Customer Information,Installation
SESSION-9C7CFF95,Customer Information | Service Selection | Document Verification | Customer Information | Installation,Activation
SESSION-9CA68BEF,Customer Information,Identity Verification
SESSION-9CA68BEF,Customer Information | Identity Verification,Document Verification
SESSION-9CA68BEF,Customer Information | Identity Verification | Document Verification,Identity Verification
SESSION-9CA68BEF,Customer Information | Identity Verification | Document Verification | Identity Verification,Account Information
SESSION-9CA68BEF,Customer Information | Identity Verification | Document Verification | Identity Verification | Account Information,Onboarding Confirmation
SESSION-9CF08C41,Customer Information,Identity Verification
SESSION-9CF08C41,Customer Information | Identity Verification,Document Verification
SESSION-9CF08C41,Customer Information | Identity Verification | Document Verification,Account Information
SESSION-9CF08C41,Customer Information | Identity Verification | Document Verification | Account Information,Onboarding Confirmation
SESSION-9CF08C41,Customer Information | Identity Verification | Document Verification | Account Information | Onboarding Confirmation,Customer Information
SESSION-9D3144F4,Customer Information,Identity Verification
SESSION-9D3144F4,Customer Information | Identity Verification,Document Verification
SESSION-9D3144F4,Customer Information | Identity Verification | Document Verification,Account Information
SESSION-9D3144F4,Customer Information | Identity Verification | Document Verification | Account Information,Onboarding Confirmation
SESSION-9D3144F4,Customer Information | Identity Verification | Document Verification | Account Information | Onboarding Confirmation,Document Verification
SESSION-9E071409,Customer Information,Service Selection
SESSION-9E071409,Customer Information | Service Selection,Document Verification
SESSION-9E071409,Customer Information | Service Selection | Document Verification,Installation
SESSION-9E071409,Customer Information | Service Selection | Document Verification | Installation,Activation
SESSION-9E6568C6,Customer Information,Identity Verification
SESSION-9E6568C6,Customer Information | Identity Verification,Document Verification
SESSION-9E6568C6,Customer Information | Identity Verification | Document Verification,Account Information
SESSION-9E6568C6,Customer Information | Identity Verification | Document Verification | Account Information,Onboarding Confirmation
SESSION-9E84B557,Customer Information,Identity Verification
SESSION-9E84B557,Customer Information | Identity Verification,Document Verification
SESSION-9E84B557,Customer Information | Identity Verification | Document Verification,Account Information
SESSION-9E84B557,Customer Information | Identity Verification | Document Verification | Account Information,Onboarding Confirmation
SESSION-9E87AB79,Customer Information,Service Selection
SESSION-9E87AB79,Customer Information | Service Selection,Document Verification
SESSION-9E87AB79,Customer Information | Service Selection | Document Verification,Installation
SESSION-9E87AB79,Customer Information | Service Selection | Document Verification | Installation,Activation
SESSION-9EA9C0D9,Customer Information,Identity Verification
SESSION-9EA9C0D9,Customer Information | Identity Verification,Document Verification
SESSION-9EA9C0D9,Customer Information | Identity Verification | Document Verification,Account Information
SESSION-9EA9C0D9,Customer Information | Identity Verification | Document Verification | Account Information,Onboarding Confirmation
SESSION-9EAA3D40,Customer Information,Service Selection
SESSION-9EAA3D40,Customer Information | Service Selection,Document Verification
SESSION-9EAA3D40,Customer Information | Service Selection | Document Verification,Installation
SESSION-9EAA3D40,Customer Information | Service Selection | Document Verification | Installation,Activation
SESSION-9EFA6357,Customer Information,Service Selection
SESSION-9EFA6357,Customer Information | Service Selection,Document Verification
SESSION-9EFA6357,Customer Information | Service Selection | Document Verification,Installation
SESSION-9EFA6357,Customer Information | Service Selection | Document Verification | Installation,Activation
SESSION-9F1965CC,Customer Information,Service Selection
SESSION-9F1965CC,Customer Information | Service Selection,Document Verification
SESSION-9F1965CC,Customer Information | Service Selection | Document Verification,Installation
SESSION-9F1965CC,Customer Information | Service Selection | Document Verification | Installation,Activation
SESSION-9F4D2DB2,Customer Information,Service Selection
SESSION-9F4D2DB2,Customer Information | Service Selection,Document Verification
SESSION-9F4D2DB2,Customer Information | Service Selection | Document Verification,Installation
SESSION-9F4D2DB2,Customer Information | Service Selection | Document Verification | Installation,Activation
SESSION-A01ABA36,Customer Information,Service Selection
SESSION-A01ABA36,Customer Information | Service Selection,Document Verification
SESSION-A01ABA36,Customer Information | Service Selection | Document Verification,Installation
SESSION-A01ABA36,Customer Information | Service Selection | Document Verification | Installation,Activation
SESSION-A0311555,Customer Information,Identity Verification
SESSION-A0311555,Customer Information | Identity Verification,Document Verification
SESSION-A0311555,Customer Information | Identity Verification | Document Verification,Account Information
SESSION-A0311555,Customer Information | Identity Verification | Document Verification | Account Information,Onboarding Confirmation
SESSION-A042CBE5,Customer Information,Service Selection
SESSION-A042CBE5,Customer Information | Service Selection,Document Verification
SESSION-A042CBE5,Customer Information | Service Selection | Document Verification,Installation
SESSION-A042CBE5,Customer Information | Service Selection | Document Verification | Installation,Activation
SESSION-A05A3A64,Customer Information,Service Selection
SESSION-A05A3A64,Customer Information | Service Selection,Document Verification
SESSION-A05A3A64,Customer Information | Service Selection | Document Verification,Installation
SESSION-A05A3A64,Customer Information | Service Selection | Document Verification | Installation,Activation
SESSION-A0625519,Customer Information,Identity Verification
SESSION-A0625519,Customer Information | Identity Verification,Document Verification
SESSION-A0625519,Customer Information | Identity Verification | Document Verification,Account Information
SESSION-A0625519,Customer Information | Identity Verification | Document Verification | Account Information,Onboarding Confirmation
SESSION-A06C8C36,Identity Verification,Document Verification
SESSION-A06C8C36,Identity Verification | Document Verification,Onboarding Confirmation
SESSION-A099B319,Customer Information,Service Selection
SESSION-A099B319,Customer Information | Service Selection,Document Verification
SESSION-A099B319,Customer Information | Service Selection | Document Verification,Installation
SESSION-A099B319,Customer Information | Service Selection | Document Verification | Installation,Activation
SESSION-A0E98053,Customer Information,Identity Verification
SESSION-A0E98053,Customer Information | Identity Verification,Document Verification
SESSION-A0E98053,Customer Information | Identity Verification | Document Verification,Account Information
SESSION-A0E98053,Customer Information | Identity Verification | Document Verification | Account Information,Onboarding Confirmation
SESSION-A1094315,Customer Information,Identity Verification
SESSION-A1094315,Customer Information | Identity Verification,Document Verification
SESSION-A1094315,Customer Information | Identity Verification | Document Verification,Account Information
SESSION-A1094315,Customer Information | Identity Verification | Document Verification | Account Information,Onboarding Confirmation
SESSION-A1095F72,Customer Information,Identity Verification
SESSION-A1095F72,Customer Information | Identity Verification,Document Verification
SESSION-A1095F72,Customer Information | Identity Verification | Document Verification,Account Information
SESSION-A1095F72,Customer Information | Identity Verification | Document Verification | Account Information,Onboarding Confirmation
SESSION-A1B7E80A,Customer Information,Service Selection
SESSION-A1B7E80A,Customer Information | Service Selection,Document Verification
SESSION-A1B7E80A,Customer Information | Service Selection | Document Verification,Installation
SESSION-A1B7E80A,Customer Information | Service Selection | Document Verification | Installation,Activation
SESSION-A1E9381A,Customer Information,Identity Verification
SESSION-A1E9381A,Customer Information | Identity Verification,Document Verification
SESSION-A1E9381A,Customer Information | Identity Verification | Document Verification,Account Information
SESSION-A1E9381A,Customer Information | Identity Verification | Document Verification | Account Information,Onboarding Confirmation
SESSION-A2455193,Customer Information,Identity Verification
SESSION-A2455193,Customer Information | Identity Verification,Document Verification
SESSION-A2455193,Customer Information | Identity Verification | Document Verification,Account Information
SESSION-A2455193,Customer Information | Identity Verification | Document Verification | Account Information,Onboarding Confirmation
SESSION-A25A17D5,Customer Information,Identity Verification
SESSION-A25A17D5,Customer Information | Identity Verification,Document Verification
SESSION-A25A17D5,Customer Information | Identity Verification | Document Verification,Account Information
SESSION-A25A17D5,Customer Information | Identity Verification | Document Verification | Account Information,Onboarding Confirmation
SESSION-A341CC75,Customer Information,Service Selection
SESSION-A341CC75,Customer Information | Service Selection,Document Verification
SESSION-A341CC75,Customer Information | Service Selection | Document Verification,Installation
SESSION-A341CC75,Customer Information | Service Selection | Document Verification | Installation,Activation
SESSION-A3505CB9,Customer Information,Service Selection
SESSION-A3505CB9,Customer Information | Service Selection,Document Verification
SESSION-A3505CB9,Customer Information | Service Selection | Document Verification,Installation
SESSION-A3505CB9,Customer Information | Service Selection | Document Verification | Installation,Activation
SESSION-A37B0474,Customer Information,Service Selection
SESSION-A37B0474,Customer Information | Service Selection,Document Verification
SESSION-A37B0474,Customer Information | Service Selection | Document Verification,Installation
SESSION-A37B0474,Customer Information | Service Selection | Document Verification | Installation,Activation
SESSION-A3852448,Customer Information,Identity Verification
SESSION-A3852448,Customer Information | Identity Verification,Document Verification
SESSION-A3852448,Customer Information | Identity Verification | Document Verification,Account Information
SESSION-A3852448,Customer Information | Identity Verification | Document Verification | Account Information,Onboarding Confirmation
SESSION-A39FE371,Customer Information,Identity Verification
SESSION-A39FE371,Customer Information | Identity Verification,Document Verification
SESSION-A39FE371,Customer Information | Identity Verification | Document Verification,Account Information
SESSION-A39FE371,Customer Information | Identity Verification | Document Verification | Account Information,Onboarding Confirmation
SESSION-A3A546FC,Customer Information,Service Selection
SESSION-A3A546FC,Customer Information | Service Selection,Document Verification
SESSION-A3A546FC,Customer Information | Service Selection | Document Verification,Installation
SESSION-A3A546FC,Customer Information | Service Selection | Document Verification | Installation,Activation
SESSION-A3B845B6,Customer Information,Identity Verification
SESSION-A3B845B6,Customer Information | Identity Verification,Customer Information
SESSION-A3B845B6,Customer Information | Identity Verification | Customer Information,Document Verification
SESSION-A3B845B6,Customer Information | Identity Verification | Customer Information | Document Verification,Account Information
SESSION-A3B845B6,Customer Information | Identity Verification | Customer Information | Document Verification | Account Information,Onboarding Confirmation
SESSION-A3CB05AA,Customer Information,Service Selection
SESSION-A3CB05AA,Customer Information | Service Selection,Document Verification
SESSION-A3CB05AA,Customer Information | Service Selection | Document Verification,Installation
SESSION-A3CB05AA,Customer Information | Service Selection | Document Verification | Installation,Activation
SESSION-A4333B5F,Customer Information,Service Selection
SESSION-A4333B5F,Customer Information | Service Selection,Document Verification
SESSION-A4333B5F,Customer Information | Service Selection | Document Verification,Installation
SESSION-A4333B5F,Customer Information | Service Selection | Document Verification | Installation,Activation
SESSION-A4CB67E6,Customer Information,Service Selection
SESSION-A4CB67E6,Customer Information | Service Selection,Document Verification
SESSION-A4CB67E6,Customer Information | Service Selection | Document Verification,Installation
SESSION-A4CB67E6,Customer Information | Service Selection | Document Verification | Installation,Activation
SESSION-A533C29D,Customer Information,Service Selection
SESSION-A533C29D,Customer Information | Service Selection,Document Verification
SESSION-A533C29D,Customer Information | Service Selection | Document Verification,Installation
SESSION-A533C29D,Customer Information | Service Selection | Document Verification | Installation,Activation
SESSION-A538E8BA,Customer Information,Document Verification
SESSION-A538E8BA,Customer Information | Document Verification,Installation
SESSION-A538E8BA,Customer Information | Document Verification | Installation,Activation
SESSION-A53C5E0D,Customer Information,Identity Verification
SESSION-A53C5E0D,Customer Information | Identity Verification,Document Verification
SESSION-A53C5E0D,Customer Information | Identity Verification | Document Verification,Account Information
SESSION-A53C5E0D,Customer Information | Identity Verification | Document Verification | Account Information,Onboarding Confirmation
SESSION-A5506649,Customer Information,Identity Verification
SESSION-A5506649,Customer Information | Identity Verification,Document Verification
SESSION-A5506649,Customer Information | Identity Verification | Document Verification,Account Information
SESSION-A5506649,Customer Information | Identity Verification | Document Verification | Account Information,Onboarding Confirmation
SESSION-A5C25E2A,Customer Information,Identity Verification
SESSION-A5C25E2A,Customer Information | Identity Verification,Document Verification
SESSION-A5C25E2A,Customer Information | Identity Verification | Document Verification,Account Information
SESSION-A5C25E2A,Customer Information | Identity Verification | Document Verification | Account Information,Onboarding Confirmation
SESSION-A5EB33B2,Customer Information,Service Selection
SESSION-A5EB33B2,Customer Information | Service Selection,Document Verification
SESSION-A5EB33B2,Customer Information | Service Selection | Document Verification,Installation
SESSION-A5EB33B2,Customer Information | Service Selection | Document Verification | Installation,Activation
SESSION-A64A1501,Customer Information,Service Selection
SESSION-A64A1501,Customer Information | Service Selection,Document Verification
SESSION-A64A1501,Customer Information | Service Selection | Document Verification,Installation
SESSION-A64A1501,Customer Information | Service Selection | Document Verification | Installation,Activation
SESSION-A6C7E148,Customer Information,Service Selection
SESSION-A6C7E148,Customer Information | Service Selection,Document Verification
SESSION-A6C7E148,Customer Information | Service Selection | Document Verification,Installation
SESSION-A6C7E148,Customer Information | Service Selection | Document Verification | Installation,Activation
SESSION-A7141567,Customer Information,Identity Verification
SESSION-A7141567,Customer Information | Identity Verification,Document Verification
SESSION-A7141567,Customer Information | Identity Verification | Document Verification,Account Information
SESSION-A7141567,Customer Information | Identity Verification | Document Verification | Account Information,Onboarding Confirmation
SESSION-A723ED52,Customer Information,Identity Verification
SESSION-A723ED52,Customer Information | Identity Verification,Document Verification
SESSION-A723ED52,Customer Information | Identity Verification | Document Verification,Onboarding Confirmation
SESSION-A727C053,Customer Information,Identity Verification
SESSION-A727C053,Customer Information | Identity Verification,Document Verification
SESSION-A727C053,Customer Information | Identity Verification | Document Verification,Account Information
SESSION-A727C053,Customer Information | Identity Verification | Document Verification | Account Information,Onboarding Confirmation
SESSION-A798CB26,Customer Information,Service Selection
SESSION-A798CB26,Customer Information | Service Selection,Document Verification
SESSION-A798CB26,Customer Information | Service Selection | Document Verification,Installation
SESSION-A798CB26,Customer Information | Service Selection | Document Verification | Installation,Activation
SESSION-A806A4D2,Customer Information,Service Selection
SESSION-A806A4D2,Customer Information | Service Selection,Document Verification
SESSION-A806A4D2,Customer Information | Service Selection | Document Verification,Installation
SESSION-A806A4D2,Customer Information | Service Selection | Document Verification | Installation,Activation
SESSION-A84B0055,Customer Information,Identity Verification
SESSION-A84B0055,Customer Information | Identity Verification,Document Verification
SESSION-A84B0055,Customer Information | Identity Verification | Document Verification,Account Information
SESSION-A84B0055,Customer Information | Identity Verification | Document Verification | Account Information,Onboarding Confirmation
SESSION-A84EAF1F,Customer Information,Identity Verification
SESSION-A84EAF1F,Customer Information | Identity Verification,Document Verification
SESSION-A84EAF1F,Customer Information | Identity Verification | Document Verification,Account Information
SESSION-A84EAF1F,Customer Information | Identity Verification | Document Verification | Account Information,Onboarding Confirmation
SESSION-A86232B8,Customer Information,Service Selection
SESSION-A86232B8,Customer Information | Service Selection,Document Verification
SESSION-A86232B8,Customer Information | Service Selection | Document Verification,Installation
SESSION-A86232B8,Customer Information | Service Selection | Document Verification | Installation,Activation
SESSION-A88D13ED,Customer Information,Service Selection
SESSION-A88D13ED,Customer Information | Service Selection,Document Verification
SESSION-A88D13ED,Customer Information | Service Selection | Document Verification,Installation
SESSION-A88D13ED,Customer Information | Service Selection | Document Verification | Installation,Activation
SESSION-A908BFFE,Customer Information,Service Selection
SESSION-A908BFFE,Customer Information | Service Selection,Document Verification
SESSION-A908BFFE,Customer Information | Service Selection | Document Verification,Activation
SESSION-A90B7D5B,Customer Information,Identity Verification
SESSION-A90B7D5B,Customer Information | Identity Verification,Document Verification
SESSION-A90B7D5B,Customer Information | Identity Verification | Document Verification,Account Information
SESSION-A90B7D5B,Customer Information | Identity Verification | Document Verification | Account Information,Onboarding Confirmation
SESSION-A91DBA98,Customer Information,Identity Verification
SESSION-A91DBA98,Customer Information | Identity Verification,Document Verification
SESSION-A91DBA98,Customer Information | Identity Verification | Document Verification,Account Information
SESSION-A91DBA98,Customer Information | Identity Verification | Document Verification | Account Information,Onboarding Confirmation
SESSION-A92F0884,Customer Information,Service Selection
SESSION-A92F0884,Customer Information | Service Selection,Document Verification
SESSION-A92F0884,Customer Information | Service Selection | Document Verification,Installation
SESSION-A92F0884,Customer Information | Service Selection | Document Verification | Installation,Activation
SESSION-A99A8269,Customer Information,Service Selection
SESSION-A99A8269,Customer Information | Service Selection,Document Verification
SESSION-A99A8269,Customer Information | Service Selection | Document Verification,Installation
SESSION-A99A8269,Customer Information | Service Selection | Document Verification | Installation,Activation
SESSION-A9B9BC3B,Customer Information,Identity Verification
SESSION-A9B9BC3B,Customer Information | Identity Verification,Document Verification
SESSION-A9B9BC3B,Customer Information | Identity Verification | Document Verification,Account Information
SESSION-A9B9BC3B,Customer Information | Identity Verification | Document Verification | Account Information,Onboarding Confirmation
SESSION-AA06D996,Customer Information,Service Selection
SESSION-AA06D996,Customer Information | Service Selection,Document Verification
SESSION-AA06D996,Customer Information | Service Selection | Document Verification,Installation
SESSION-AA06D996,Customer Information | Service Selection | Document Verification | Installation,Activation
SESSION-AA1F7EBC,Customer Information,Service Selection
SESSION-AA1F7EBC,Customer Information | Service Selection,Document Verification
SESSION-AA1F7EBC,Customer Information | Service Selection | Document Verification,Installation
SESSION-AA1F7EBC,Customer Information | Service Selection | Document Verification | Installation,Activation
SESSION-AA7CC3F6,Customer Information,Identity Verification
SESSION-AA7CC3F6,Customer Information | Identity Verification,Document Verification
SESSION-AA7CC3F6,Customer Information | Identity Verification | Document Verification,Account Information
SESSION-AA7CC3F6,Customer Information | Identity Verification | Document Verification | Account Information,Onboarding Confirmation
SESSION-AAB1C53F,Customer Information,Identity Verification
SESSION-AAB1C53F,Customer Information | Identity Verification,Document Verification
SESSION-AAB1C53F,Customer Information | Identity Verification | Document Verification,Account Information
SESSION-AAB1C53F,Customer Information | Identity Verification | Document Verification | Account Information,Onboarding Confirmation
SESSION-AACF3654,Customer Information,Identity Verification
SESSION-AACF3654,Customer Information | Identity Verification,Document Verification
SESSION-AACF3654,Customer Information | Identity Verification | Document Verification,Account Information
SESSION-AACF3654,Customer Information | Identity Verification | Document Verification | Account Information,Onboarding Confirmation
SESSION-AACF3654,Customer Information | Identity Verification | Document Verification | Account Information | Onboarding Confirmation,Account Information
SESSION-AB037037,Customer Information,Service Selection
SESSION-AB037037,Customer Information | Service Selection,Document Verification
SESSION-AB037037,Customer Information | Service Selection | Document Verification,Installation
SESSION-AB037037,Customer Information | Service Selection | Document Verification | Installation,Activation
SESSION-AB2AA36F,Customer Information,Service Selection
SESSION-AB2AA36F,Customer Information | Service Selection,Document Verification
SESSION-AB2AA36F,Customer Information | Service Selection | Document Verification,Installation
SESSION-AB2AA36F,Customer Information | Service Selection | Document Verification | Installation,Activation
SESSION-AB683F0B,Customer Information,Service Selection
SESSION-AB683F0B,Customer Information | Service Selection,Document Verification
SESSION-AB683F0B,Customer Information | Service Selection | Document Verification,Installation
SESSION-AB683F0B,Customer Information | Service Selection | Document Verification | Installation,Activation
SESSION-AB949EA2,Customer Information,Service Selection
SESSION-AB949EA2,Customer Information | Service Selection,Document Verification
SESSION-AB949EA2,Customer Information | Service Selection | Document Verification,Installation
SESSION-AB949EA2,Customer Information | Service Selection | Document Verification | Installation,Activation
SESSION-ABD04FF9,Customer Information,Service Selection
SESSION-ABD04FF9,Customer Information | Service Selection,Document Verification
SESSION-ABD04FF9,Customer Information | Service Selection | Document Verification,Installation
SESSION-ABD04FF9,Customer Information | Service Selection | Document Verification | Installation,Activation
SESSION-AC1D3333,Customer Information,Identity Verification
SESSION-AC1D3333,Customer Information | Identity Verification,Document Verification
SESSION-AC1D3333,Customer Information | Identity Verification | Document Verification,Account Information
SESSION-AC1D3333,Customer Information | Identity Verification | Document Verification | Account Information,Onboarding Confirmation
SESSION-AC934960,Customer Information,Identity Verification
SESSION-AC934960,Customer Information | Identity Verification,Document Verification
SESSION-AC934960,Customer Information | Identity Verification | Document Verification,Account Information
SESSION-AC934960,Customer Information | Identity Verification | Document Verification | Account Information,Onboarding Confirmation
SESSION-AC959708,Customer Information,Identity Verification
SESSION-AC959708,Customer Information | Identity Verification,Document Verification
SESSION-AC959708,Customer Information | Identity Verification | Document Verification,Account Information
SESSION-AC959708,Customer Information | Identity Verification | Document Verification | Account Information,Onboarding Confirmation
SESSION-ADFBE29C,Customer Information,Identity Verification
SESSION-ADFBE29C,Customer Information | Identity Verification,Document Verification
SESSION-ADFBE29C,Customer Information | Identity Verification | Document Verification,Account Information
SESSION-ADFBE29C,Customer Information | Identity Verification | Document Verification | Account Information,Onboarding Confirmation
SESSION-AE040FEC,Customer Information,Identity Verification
SESSION-AE040FEC,Customer Information | Identity Verification,Document Verification
SESSION-AE040FEC,Customer Information | Identity Verification | Document Verification,Account Information
SESSION-AE040FEC,Customer Information | Identity Verification | Document Verification | Account Information,Onboarding Confirmation
SESSION-AE661C81,Customer Information,Service Selection
SESSION-AE661C81,Customer Information | Service Selection,Document Verification
SESSION-AE661C81,Customer Information | Service Selection | Document Verification,Installation
SESSION-AE661C81,Customer Information | Service Selection | Document Verification | Installation,Activation
SESSION-AE86103C,Customer Information,Service Selection
SESSION-AE86103C,Customer Information | Service Selection,Document Verification
SESSION-AE86103C,Customer Information | Service Selection | Document Verification,Installation
SESSION-AE86103C,Customer Information | Service Selection | Document Verification | Installation,Activation
SESSION-AEBA6AA8,Customer Information,Service Selection
SESSION-AEBA6AA8,Customer Information | Service Selection,Document Verification
SESSION-AEBA6AA8,Customer Information | Service Selection | Document Verification,Installation
SESSION-AEBA6AA8,Customer Information | Service Selection | Document Verification | Installation,Activation
SESSION-AF6EB6B3,Customer Information,Identity Verification
SESSION-AF6EB6B3,Customer Information | Identity Verification,Document Verification
SESSION-AF6EB6B3,Customer Information | Identity Verification | Document Verification,Account Information
SESSION-AF6EB6B3,Customer Information | Identity Verification | Document Verification | Account Information,Onboarding Confirmation
SESSION-B05AA8D9,Customer Information,Identity Verification
SESSION-B05AA8D9,Customer Information | Identity Verification,Document Verification
SESSION-B05AA8D9,Customer Information | Identity Verification | Document Verification,Account Information
SESSION-B05AA8D9,Customer Information | Identity Verification | Document Verification | Account Information,Onboarding Confirmation
SESSION-B06FA9F8,Customer Information,Service Selection
SESSION-B06FA9F8,Customer Information | Service Selection,Document Verification
SESSION-B06FA9F8,Customer Information | Service Selection | Document Verification,Installation
SESSION-B06FA9F8,Customer Information | Service Selection | Document Verification | Installation,Service Selection
SESSION-B06FA9F8,Customer Information | Service Selection | Document Verification | Installation | Service Selection,Activation
SESSION-B0A0AA34,Customer Information,Identity Verification
SESSION-B0A0AA34,Customer Information | Identity Verification,Onboarding Confirmation
SESSION-B0C69807,Customer Information,Service Selection
SESSION-B0C69807,Customer Information | Service Selection,Document Verification
SESSION-B0C69807,Customer Information | Service Selection | Document Verification,Installation
SESSION-B0C69807,Customer Information | Service Selection | Document Verification | Installation,Activation
SESSION-B0DB67D7,Customer Information,Identity Verification
SESSION-B0DB67D7,Customer Information | Identity Verification,Document Verification
SESSION-B0DB67D7,Customer Information | Identity Verification | Document Verification,Account Information
SESSION-B0DB67D7,Customer Information | Identity Verification | Document Verification | Account Information,Onboarding Confirmation
SESSION-B124FA37,Customer Information,Service Selection
SESSION-B124FA37,Customer Information | Service Selection,Document Verification
SESSION-B124FA37,Customer Information | Service Selection | Document Verification,Installation
SESSION-B124FA37,Customer Information | Service Selection | Document Verification | Installation,Activation
SESSION-B129A681,Customer Information,Identity Verification
SESSION-B129A681,Customer Information | Identity Verification,Document Verification
SESSION-B129A681,Customer Information | Identity Verification | Document Verification,Account Information
SESSION-B129A681,Customer Information | Identity Verification | Document Verification | Account Information,Onboarding Confirmation
SESSION-B14284BB,Customer Information,Identity Verification
SESSION-B14284BB,Customer Information | Identity Verification,Document Verification
SESSION-B14284BB,Customer Information | Identity Verification | Document Verification,Account Information
SESSION-B14284BB,Customer Information | Identity Verification | Document Verification | Account Information,Onboarding Confirmation
SESSION-B1F44890,Customer Information,Identity Verification
SESSION-B1F44890,Customer Information | Identity Verification,Document Verification
SESSION-B1F44890,Customer Information | Identity Verification | Document Verification,Account Information
SESSION-B1F44890,Customer Information | Identity Verification | Document Verification | Account Information,Onboarding Confirmation
SESSION-B1F5F139,Customer Information,Identity Verification
SESSION-B1F5F139,Customer Information | Identity Verification,Document Verification
SESSION-B1F5F139,Customer Information | Identity Verification | Document Verification,Account Information
SESSION-B1F5F139,Customer Information | Identity Verification | Document Verification | Account Information,Onboarding Confirmation
SESSION-B20C56B5,Customer Information,Service Selection
SESSION-B20C56B5,Customer Information | Service Selection,Document Verification
SESSION-B20C56B5,Customer Information | Service Selection | Document Verification,Installation
SESSION-B20C56B5,Customer Information | Service Selection | Document Verification | Installation,Activation
SESSION-B210930F,Customer Information,Service Selection
SESSION-B210930F,Customer Information | Service Selection,Activation
SESSION-B2741141,Customer Information,Service Selection
SESSION-B2741141,Customer Information | Service Selection,Document Verification
SESSION-B2741141,Customer Information | Service Selection | Document Verification,Installation
SESSION-B2741141,Customer Information | Service Selection | Document Verification | Installation,Activation
SESSION-B29A2449,Customer Information,Service Selection
SESSION-B29A2449,Customer Information | Service Selection,Document Verification
SESSION-B29A2449,Customer Information | Service Selection | Document Verification,Installation
SESSION-B29A2449,Customer Information | Service Selection | Document Verification | Installation,Activation
SESSION-B2BDE7F3,Customer Information,Identity Verification
SESSION-B2BDE7F3,Customer Information | Identity Verification,Document Verification
SESSION-B2BDE7F3,Customer Information | Identity Verification | Document Verification,Account Information
SESSION-B2BDE7F3,Customer Information | Identity Verification | Document Verification | Account Information,Onboarding Confirmation
SESSION-B2C95600,Customer Information,Service Selection
SESSION-B2C95600,Customer Information | Service Selection,Document Verification
SESSION-B2C95600,Customer Information | Service Selection | Document Verification,Installation
SESSION-B2C95600,Customer Information | Service Selection | Document Verification | Installation,Activation
SESSION-B2F88E49,Customer Information,Identity Verification
SESSION-B2F88E49,Customer Information | Identity Verification,Document Verification
SESSION-B2F88E49,Customer Information | Identity Verification | Document Verification,Account Information
SESSION-B2F88E49,Customer Information | Identity Verification | Document Verification | Account Information,Onboarding Confirmation
SESSION-B3496107,Customer Information,Identity Verification
SESSION-B3496107,Customer Information | Identity Verification,Document Verification
SESSION-B3496107,Customer Information | Identity Verification | Document Verification,Account Information
SESSION-B3496107,Customer Information | Identity Verification | Document Verification | Account Information,Onboarding Confirmation
SESSION-B3900CD1,Customer Information,Service Selection
SESSION-B3900CD1,Customer Information | Service Selection,Document Verification
SESSION-B3900CD1,Customer Information | Service Selection | Document Verification,Installation
SESSION-B3900CD1,Customer Information | Service Selection | Document Verification | Installation,Activation
SESSION-B3B6E4BB,Customer Information,Identity Verification
SESSION-B3B6E4BB,Customer Information | Identity Verification,Document Verification
SESSION-B3B6E4BB,Customer Information | Identity Verification | Document Verification,Account Information
SESSION-B3B6E4BB,Customer Information | Identity Verification | Document Verification | Account Information,Onboarding Confirmation
SESSION-B3B6E4BB,Customer Information | Identity Verification | Document Verification | Account Information | Onboarding Confirmation,Identity Verification
SESSION-B431ADCE,Customer Information,Service Selection
SESSION-B431ADCE,Customer Information | Service Selection,Document Verification
SESSION-B431ADCE,Customer Information | Service Selection | Document Verification,Installation
SESSION-B431ADCE,Customer Information | Service Selection | Document Verification | Installation,Activation
SESSION-B4344834,Customer Information,Identity Verification
SESSION-B4344834,Customer Information | Identity Verification,Document Verification
SESSION-B4344834,Customer Information | Identity Verification | Document Verification,Account Information
SESSION-B4344834,Customer Information | Identity Verification | Document Verification | Account Information,Onboarding Confirmation
SESSION-B4847CA7,Customer Information,Identity Verification
SESSION-B4847CA7,Customer Information | Identity Verification,Document Verification
SESSION-B4847CA7,Customer Information | Identity Verification | Document Verification,Account Information
SESSION-B4847CA7,Customer Information | Identity Verification | Document Verification | Account Information,Onboarding Confirmation
SESSION-B4D925AD,Customer Information,Service Selection
SESSION-B4D925AD,Customer Information | Service Selection,Document Verification
SESSION-B4D925AD,Customer Information | Service Selection | Document Verification,Installation
SESSION-B4D925AD,Customer Information | Service Selection | Document Verification | Installation,Activation
SESSION-B51AEDBA,Customer Information,Identity Verification
SESSION-B51AEDBA,Customer Information | Identity Verification,Document Verification
SESSION-B51AEDBA,Customer Information | Identity Verification | Document Verification,Account Information
SESSION-B51AEDBA,Customer Information | Identity Verification | Document Verification | Account Information,Onboarding Confirmation
SESSION-B5266271,Customer Information,Identity Verification
SESSION-B5266271,Customer Information | Identity Verification,Customer Information
SESSION-B5266271,Customer Information | Identity Verification | Customer Information,Document Verification
SESSION-B5266271,Customer Information | Identity Verification | Customer Information | Document Verification,Account Information
SESSION-B5266271,Customer Information | Identity Verification | Customer Information | Document Verification | Account Information,Customer Information
SESSION-B5266271,Customer Information | Identity Verification | Customer Information | Document Verification | Account Information | Customer Information,Onboarding Confirmation
SESSION-B597FD99,Customer Information,Identity Verification
SESSION-B597FD99,Customer Information | Identity Verification,Document Verification
SESSION-B597FD99,Customer Information | Identity Verification | Document Verification,Account Information
SESSION-B597FD99,Customer Information | Identity Verification | Document Verification | Account Information,Onboarding Confirmation
SESSION-B5A95428,Customer Information,Service Selection
SESSION-B5A95428,Customer Information | Service Selection,Document Verification
SESSION-B5A95428,Customer Information | Service Selection | Document Verification,Installation
SESSION-B5A95428,Customer Information | Service Selection | Document Verification | Installation,Activation
SESSION-B5A95428,Customer Information | Service Selection | Document Verification | Installation | Activation,Service Selection
SESSION-B5FC9DE0,Customer Information,Service Selection
SESSION-B5FC9DE0,Customer Information | Service Selection,Document Verification
SESSION-B5FC9DE0,Customer Information | Service Selection | Document Verification,Installation
SESSION-B5FC9DE0,Customer Information | Service Selection | Document Verification | Installation,Activation
SESSION-B6DBEC9B,Customer Information,Identity Verification
SESSION-B6DBEC9B,Customer Information | Identity Verification,Document Verification
SESSION-B6DBEC9B,Customer Information | Identity Verification | Document Verification,Account Information
SESSION-B6DBEC9B,Customer Information | Identity Verification | Document Verification | Account Information,Onboarding Confirmation
SESSION-B738EEF3,Customer Information,Identity Verification
SESSION-B738EEF3,Customer Information | Identity Verification,Document Verification
SESSION-B738EEF3,Customer Information | Identity Verification | Document Verification,Account Information
SESSION-B738EEF3,Customer Information | Identity Verification | Document Verification | Account Information,Onboarding Confirmation
SESSION-B7580C63,Customer Information,Document Verification
SESSION-B7580C63,Customer Information | Document Verification,Installation
SESSION-B7580C63,Customer Information | Document Verification | Installation,Activation
SESSION-B7A5FA24,Customer Information,Service Selection
SESSION-B7A5FA24,Customer Information | Service Selection,Document Verification
SESSION-B7A5FA24,Customer Information | Service Selection | Document Verification,Installation
SESSION-B7A5FA24,Customer Information | Service Selection | Document Verification | Installation,Activation
SESSION-B7A8F372,Customer Information,Service Selection
SESSION-B7A8F372,Customer Information | Service Selection,Document Verification
SESSION-B7A8F372,Customer Information | Service Selection | Document Verification,Installation
SESSION-B7A8F372,Customer Information | Service Selection | Document Verification | Installation,Activation
SESSION-B7D47001,Customer Information,Service Selection
SESSION-B7D47001,Customer Information | Service Selection,Document Verification
SESSION-B7D47001,Customer Information | Service Selection | Document Verification,Installation
SESSION-B7D47001,Customer Information | Service Selection | Document Verification | Installation,Activation
SESSION-B7F7A03D,Customer Information,Service Selection
SESSION-B7F7A03D,Customer Information | Service Selection,Document Verification
SESSION-B7F7A03D,Customer Information | Service Selection | Document Verification,Installation
SESSION-B7F7A03D,Customer Information | Service Selection | Document Verification | Installation,Activation
SESSION-B8ABFA4A,Customer Information,Identity Verification
SESSION-B8ABFA4A,Customer Information | Identity Verification,Document Verification
SESSION-B8ABFA4A,Customer Information | Identity Verification | Document Verification,Account Information
SESSION-B8ABFA4A,Customer Information | Identity Verification | Document Verification | Account Information,Onboarding Confirmation
SESSION-B8DF7714,Customer Information,Service Selection
SESSION-B8DF7714,Customer Information | Service Selection,Document Verification
SESSION-B8DF7714,Customer Information | Service Selection | Document Verification,Installation
SESSION-B8DF7714,Customer Information | Service Selection | Document Verification | Installation,Activation
SESSION-B8EB7042,Customer Information,Identity Verification
SESSION-B8EB7042,Customer Information | Identity Verification,Document Verification
SESSION-B8EB7042,Customer Information | Identity Verification | Document Verification,Account Information
SESSION-B8EB7042,Customer Information | Identity Verification | Document Verification | Account Information,Onboarding Confirmation
SESSION-B90A6480,Customer Information,Identity Verification
SESSION-B90A6480,Customer Information | Identity Verification,Document Verification
SESSION-B90A6480,Customer Information | Identity Verification | Document Verification,Account Information
SESSION-B90A6480,Customer Information | Identity Verification | Document Verification | Account Information,Onboarding Confirmation
SESSION-B91B9EA7,Customer Information,Installation
SESSION-B91B9EA7,Customer Information | Installation,Activation
SESSION-B97C7FE4,Service Selection,Activation
SESSION-B9E0473E,Customer Information,Identity Verification
SESSION-B9E0473E,Customer Information | Identity Verification,Document Verification
SESSION-B9E0473E,Customer Information | Identity Verification | Document Verification,Account Information
SESSION-B9E0473E,Customer Information | Identity Verification | Document Verification | Account Information,Onboarding Confirmation
SESSION-B9E2101B,Customer Information,Identity Verification
SESSION-B9E2101B,Customer Information | Identity Verification,Document Verification
SESSION-B9E2101B,Customer Information | Identity Verification | Document Verification,Account Information
SESSION-B9E2101B,Customer Information | Identity Verification | Document Verification | Account Information,Onboarding Confirmation
SESSION-B9F89E7F,Customer Information,Service Selection
SESSION-B9F89E7F,Customer Information | Service Selection,Document Verification
SESSION-B9F89E7F,Customer Information | Service Selection | Document Verification,Installation
SESSION-B9F89E7F,Customer Information | Service Selection | Document Verification | Installation,Activation
SESSION-BA5320CF,Customer Information,Service Selection
SESSION-BA5320CF,Customer Information | Service Selection,Document Verification
SESSION-BA5320CF,Customer Information | Service Selection | Document Verification,Installation
SESSION-BA5320CF,Customer Information | Service Selection | Document Verification | Installation,Activation
SESSION-BA8B0C4A,Customer Information,Identity Verification
SESSION-BA8B0C4A,Customer Information | Identity Verification,Document Verification
SESSION-BA8B0C4A,Customer Information | Identity Verification | Document Verification,Account Information
SESSION-BA8B0C4A,Customer Information | Identity Verification | Document Verification | Account Information,Onboarding Confirmation
SESSION-BAAD8484,Customer Information,Service Selection
SESSION-BAAD8484,Customer Information | Service Selection,Document Verification
SESSION-BAAD8484,Customer Information | Service Selection | Document Verification,Installation
SESSION-BAAD8484,Customer Information | Service Selection | Document Verification | Installation,Activation
SESSION-BAC4B165,Customer Information,Service Selection
SESSION-BAC4B165,Customer Information | Service Selection,Document Verification
SESSION-BAC4B165,Customer Information | Service Selection | Document Verification,Installation
SESSION-BAC4B165,Customer Information | Service Selection | Document Verification | Installation,Activation
SESSION-BB3EF41D,Service Selection,Installation
SESSION-BB3EF41D,Service Selection | Installation,Activation
SESSION-BBE21122,Customer Information,Identity Verification
SESSION-BBE21122,Customer Information | Identity Verification,Document Verification
SESSION-BBE21122,Customer Information | Identity Verification | Document Verification,Account Information
SESSION-BBE21122,Customer Information | Identity Verification | Document Verification | Account Information,Onboarding Confirmation
SESSION-BBEEECD2,Customer Information,Service Selection
SESSION-BBEEECD2,Customer Information | Service Selection,Activation
SESSION-BC8308ED,Customer Information,Service Selection
SESSION-BC8308ED,Customer Information | Service Selection,Document Verification
SESSION-BC8308ED,Customer Information | Service Selection | Document Verification,Installation
SESSION-BC8308ED,Customer Information | Service Selection | Document Verification | Installation,Activation
SESSION-BC9BB371,Customer Information,Identity Verification
SESSION-BC9BB371,Customer Information | Identity Verification,Document Verification
SESSION-BC9BB371,Customer Information | Identity Verification | Document Verification,Account Information
SESSION-BC9BB371,Customer Information | Identity Verification | Document Verification | Account Information,Onboarding Confirmation
SESSION-BCA1A519,Customer Information,Service Selection
SESSION-BCA1A519,Customer Information | Service Selection,Document Verification
SESSION-BCA1A519,Customer Information | Service Selection | Document Verification,Installation
SESSION-BCA1A519,Customer Information | Service Selection | Document Verification | Installation,Activation
SESSION-BCB25660,Document Verification,Account Information
SESSION-BCB25660,Document Verification | Account Information,Onboarding Confirmation
SESSION-BCBA131F,Customer Information,Identity Verification
SESSION-BCBA131F,Customer Information | Identity Verification,Document Verification
SESSION-BCBA131F,Customer Information | Identity Verification | Document Verification,Account Information
SESSION-BCBA131F,Customer Information | Identity Verification | Document Verification | Account Information,Onboarding Confirmation
SESSION-BCBA131F,Customer Information | Identity Verification | Document Verification | Account Information | Onboarding Confirmation,Customer Information
SESSION-BCD73022,Customer Information,Identity Verification
SESSION-BCD73022,Customer Information | Identity Verification,Document Verification
SESSION-BCD73022,Customer Information | Identity Verification | Document Verification,Account Information
SESSION-BCD73022,Customer Information | Identity Verification | Document Verification | Account Information,Onboarding Confirmation
SESSION-BCDE48B4,Customer Information,Service Selection
SESSION-BCDE48B4,Customer Information | Service Selection,Document Verification
SESSION-BCDE48B4,Customer Information | Service Selection | Document Verification,Installation
SESSION-BCDE48B4,Customer Information | Service Selection | Document Verification | Installation,Activation
SESSION-BD4FB3E0,Customer Information,Service Selection
SESSION-BD4FB3E0,Customer Information | Service Selection,Document Verification
SESSION-BD4FB3E0,Customer Information | Service Selection | Document Verification,Installation
SESSION-BD4FB3E0,Customer Information | Service Selection | Document Verification | Installation,Document Verification
SESSION-BD4FB3E0,Customer Information | Service Selection | Document Verification | Installation | Document Verification,Activation
SESSION-BD4FB3E0,Customer Information | Service Selection | Document Verification | Installation | Document Verification | Activation,Service Selection
SESSION-BD8EF474,Customer Information,Identity Verification
SESSION-BD8EF474,Customer Information | Identity Verification,Document Verification
SESSION-BD8EF474,Customer Information | Identity Verification | Document Verification,Account Information
SESSION-BD8EF474,Customer Information | Identity Verification | Document Verification | Account Information,Onboarding Confirmation
SESSION-BDB6BA22,Customer Information,Identity Verification
SESSION-BDB6BA22,Customer Information | Identity Verification,Document Verification
SESSION-BDB6BA22,Customer Information | Identity Verification | Document Verification,Account Information
SESSION-BDB6BA22,Customer Information | Identity Verification | Document Verification | Account Information,Onboarding Confirmation
SESSION-BDC463D3,Customer Information,Service Selection
SESSION-BDC463D3,Customer Information | Service Selection,Activation
SESSION-BDCAAEDD,Customer Information,Service Selection
SESSION-BDCAAEDD,Customer Information | Service Selection,Document Verification
SESSION-BDCAAEDD,Customer Information | Service Selection | Document Verification,Installation
SESSION-BDCAAEDD,Customer Information | Service Selection | Document Verification | Installation,Activation
SESSION-BE3B2326,Customer Information,Document Verification
SESSION-BE3B2326,Customer Information | Document Verification,Account Information
SESSION-BE3B2326,Customer Information | Document Verification | Account Information,Onboarding Confirmation
SESSION-BE56BE74,Customer Information,Identity Verification
SESSION-BE56BE74,Customer Information | Identity Verification,Document Verification
SESSION-BE56BE74,Customer Information | Identity Verification | Document Verification,Account Information
SESSION-BE56BE74,Customer Information | Identity Verification | Document Verification | Account Information,Onboarding Confirmation
SESSION-BF2A55DF,Customer Information,Identity Verification
SESSION-BF2A55DF,Customer Information | Identity Verification,Document Verification
SESSION-BF2A55DF,Customer Information | Identity Verification | Document Verification,Account Information
SESSION-BF2A55DF,Customer Information | Identity Verification | Document Verification | Account Information,Onboarding Confirmation
SESSION-BF71242E,Customer Information,Service Selection
SESSION-BF71242E,Customer Information | Service Selection,Document Verification
SESSION-BF71242E,Customer Information | Service Selection | Document Verification,Installation
SESSION-BF71242E,Customer Information | Service Selection | Document Verification | Installation,Activation
SESSION-BFAAFACD,Customer Information,Service Selection
SESSION-BFAAFACD,Customer Information | Service Selection,Document Verification
SESSION-BFAAFACD,Customer Information | Service Selection | Document Verification,Installation
SESSION-BFAAFACD,Customer Information | Service Selection | Document Verification | Installation,Activation
SESSION-BFADDE3D,Customer Information,Service Selection
SESSION-BFADDE3D,Customer Information | Service Selection,Document Verification
SESSION-BFADDE3D,Customer Information | Service Selection | Document Verification,Installation
SESSION-BFADDE3D,Customer Information | Service Selection | Document Verification | Installation,Activation
SESSION-BFD3DE38,Customer Information,Identity Verification
SESSION-BFD3DE38,Customer Information | Identity Verification,Document Verification
SESSION-BFD3DE38,Customer Information | Identity Verification | Document Verification,Account Information
SESSION-BFD3DE38,Customer Information | Identity Verification | Document Verification | Account Information,Onboarding Confirmation
SESSION-BFDDDB4F,Customer Information,Identity Verification
SESSION-BFDDDB4F,Customer Information | Identity Verification,Document Verification
SESSION-BFDDDB4F,Customer Information | Identity Verification | Document Verification,Account Information
SESSION-BFDDDB4F,Customer Information | Identity Verification | Document Verification | Account Information,Onboarding Confirmation
SESSION-BFEFAEDE,Service Selection,Document Verification
SESSION-BFEFAEDE,Service Selection | Document Verification,Installation
SESSION-BFEFAEDE,Service Selection | Document Verification | Installation,Activation
SESSION-C04019BE,Service Selection,Activation
SESSION-C05EABD3,Customer Information,Service Selection
SESSION-C05EABD3,Customer Information | Service Selection,Document Verification
SESSION-C05EABD3,Customer Information | Service Selection | Document Verification,Installation
SESSION-C05EABD3,Customer Information | Service Selection | Document Verification | Installation,Activation
SESSION-C084C7F6,Customer Information,Identity Verification
SESSION-C084C7F6,Customer Information | Identity Verification,Document Verification
SESSION-C084C7F6,Customer Information | Identity Verification | Document Verification,Account Information
SESSION-C084C7F6,Customer Information | Identity Verification | Document Verification | Account Information,Onboarding Confirmation
SESSION-C0B6C7CC,Customer Information,Service Selection
SESSION-C0B6C7CC,Customer Information | Service Selection,Document Verification
SESSION-C0B6C7CC,Customer Information | Service Selection | Document Verification,Installation
SESSION-C0B6C7CC,Customer Information | Service Selection | Document Verification | Installation,Activation
SESSION-C0D93915,Customer Information,Identity Verification
SESSION-C0D93915,Customer Information | Identity Verification,Document Verification
SESSION-C0D93915,Customer Information | Identity Verification | Document Verification,Account Information
SESSION-C0D93915,Customer Information | Identity Verification | Document Verification | Account Information,Onboarding Confirmation
SESSION-C0ECF011,Customer Information,Identity Verification
SESSION-C0ECF011,Customer Information | Identity Verification,Document Verification
SESSION-C0ECF011,Customer Information | Identity Verification | Document Verification,Account Information
SESSION-C0ECF011,Customer Information | Identity Verification | Document Verification | Account Information,Onboarding Confirmation
SESSION-C122442A,Customer Information,Identity Verification
SESSION-C122442A,Customer Information | Identity Verification,Document Verification
SESSION-C122442A,Customer Information | Identity Verification | Document Verification,Account Information
SESSION-C122442A,Customer Information | Identity Verification | Document Verification | Account Information,Onboarding Confirmation
SESSION-C16F8143,Customer Information,Service Selection
SESSION-C16F8143,Customer Information | Service Selection,Document Verification
SESSION-C16F8143,Customer Information | Service Selection | Document Verification,Installation
SESSION-C16F8143,Customer Information | Service Selection | Document Verification | Installation,Activation
SESSION-C1A28A7D,Customer Information,Service Selection
SESSION-C1A28A7D,Customer Information | Service Selection,Document Verification
SESSION-C1A28A7D,Customer Information | Service Selection | Document Verification,Installation
SESSION-C1A28A7D,Customer Information | Service Selection | Document Verification | Installation,Activation
SESSION-C1DD9913,Customer Information,Service Selection
SESSION-C1DD9913,Customer Information | Service Selection,Document Verification
SESSION-C1DD9913,Customer Information | Service Selection | Document Verification,Installation
SESSION-C1DD9913,Customer Information | Service Selection | Document Verification | Installation,Activation
SESSION-C2730302,Customer Information,Identity Verification
SESSION-C2730302,Customer Information | Identity Verification,Account Information
SESSION-C2730302,Customer Information | Identity Verification | Account Information,Onboarding Confirmation
SESSION-C2D016E9,Customer Information,Identity Verification
SESSION-C2D016E9,Customer Information | Identity Verification,Document Verification
SESSION-C2D016E9,Customer Information | Identity Verification | Document Verification,Account Information
SESSION-C2D016E9,Customer Information | Identity Verification | Document Verification | Account Information,Onboarding Confirmation
SESSION-C2D13E6C,Customer Information,Service Selection
SESSION-C2D13E6C,Customer Information | Service Selection,Document Verification
SESSION-C2D13E6C,Customer Information | Service Selection | Document Verification,Installation
SESSION-C2D13E6C,Customer Information | Service Selection | Document Verification | Installation,Activation
SESSION-C2E4745A,Customer Information,Service Selection
SESSION-C2E4745A,Customer Information | Service Selection,Document Verification
SESSION-C2E4745A,Customer Information | Service Selection | Document Verification,Installation
SESSION-C2E4745A,Customer Information | Service Selection | Document Verification | Installation,Activation
SESSION-C3193231,Customer Information,Identity Verification
SESSION-C3193231,Customer Information | Identity Verification,Document Verification
SESSION-C3193231,Customer Information | Identity Verification | Document Verification,Account Information
SESSION-C3193231,Customer Information | Identity Verification | Document Verification | Account Information,Onboarding Confirmation
SESSION-C3713807,Customer Information,Identity Verification
SESSION-C3713807,Customer Information | Identity Verification,Onboarding Confirmation
SESSION-C3B96965,Customer Information,Installation
SESSION-C3B96965,Customer Information | Installation,Activation
SESSION-C3DB90A9,Customer Information,Document Verification
SESSION-C3DB90A9,Customer Information | Document Verification,Account Information
SESSION-C3DB90A9,Customer Information | Document Verification | Account Information,Onboarding Confirmation
SESSION-C40AB675,Customer Information,Identity Verification
SESSION-C40AB675,Customer Information | Identity Verification,Document Verification
SESSION-C40AB675,Customer Information | Identity Verification | Document Verification,Account Information
SESSION-C40AB675,Customer Information | Identity Verification | Document Verification | Account Information,Onboarding Confirmation
SESSION-C412F1EA,Customer Information,Identity Verification
SESSION-C412F1EA,Customer Information | Identity Verification,Document Verification
SESSION-C412F1EA,Customer Information | Identity Verification | Document Verification,Account Information
SESSION-C412F1EA,Customer Information | Identity Verification | Document Verification | Account Information,Onboarding Confirmation
SESSION-C4C27DA6,Customer Information,Onboarding Confirmation
SESSION-C4C44180,Customer Information,Identity Verification
SESSION-C4C44180,Customer Information | Identity Verification,Document Verification
SESSION-C4C44180,Customer Information | Identity Verification | Document Verification,Account Information
SESSION-C4C44180,Customer Information | Identity Verification | Document Verification | Account Information,Onboarding Confirmation
SESSION-C522B3E7,Customer Information,Service Selection
SESSION-C522B3E7,Customer Information | Service Selection,Document Verification
SESSION-C522B3E7,Customer Information | Service Selection | Document Verification,Installation
SESSION-C522B3E7,Customer Information | Service Selection | Document Verification | Installation,Activation
SESSION-C54B894E,Customer Information,Service Selection
SESSION-C54B894E,Customer Information | Service Selection,Installation
SESSION-C54B894E,Customer Information | Service Selection | Installation,Activation
SESSION-C570CA6C,Customer Information,Service Selection
SESSION-C570CA6C,Customer Information | Service Selection,Document Verification
SESSION-C570CA6C,Customer Information | Service Selection | Document Verification,Installation
SESSION-C570CA6C,Customer Information | Service Selection | Document Verification | Installation,Activation
SESSION-C5DFE902,Customer Information,Service Selection
SESSION-C5DFE902,Customer Information | Service Selection,Document Verification
SESSION-C5DFE902,Customer Information | Service Selection | Document Verification,Installation
SESSION-C5DFE902,Customer Information | Service Selection | Document Verification | Installation,Activation
SESSION-C5F1B055,Customer Information,Service Selection
SESSION-C5F1B055,Customer Information | Service Selection,Document Verification
SESSION-C5F1B055,Customer Information | Service Selection | Document Verification,Installation
SESSION-C5F1B055,Customer Information | Service Selection | Document Verification | Installation,Activation
SESSION-C65807BF,Customer Information,Service Selection
SESSION-C65807BF,Customer Information | Service Selection,Document Verification
SESSION-C65807BF,Customer Information | Service Selection | Document Verification,Installation
SESSION-C65807BF,Customer Information | Service Selection | Document Verification | Installation,Activation
SESSION-C661DA34,Customer Information,Identity Verification
SESSION-C661DA34,Customer Information | Identity Verification,Document Verification
SESSION-C661DA34,Customer Information | Identity Verification | Document Verification,Account Information
SESSION-C661DA34,Customer Information | Identity Verification | Document Verification | Account Information,Onboarding Confirmation
SESSION-C6A1878D,Customer Information,Service Selection
SESSION-C6A1878D,Customer Information | Service Selection,Document Verification
SESSION-C6A1878D,Customer Information | Service Selection | Document Verification,Installation
SESSION-C6A1878D,Customer Information | Service Selection | Document Verification | Installation,Activation
SESSION-C6DF39C8,Customer Information,Identity Verification
SESSION-C6DF39C8,Customer Information | Identity Verification,Document Verification
SESSION-C6DF39C8,Customer Information | Identity Verification | Document Verification,Account Information
SESSION-C6DF39C8,Customer Information | Identity Verification | Document Verification | Account Information,Onboarding Confirmation
SESSION-C6EF8877,Customer Information,Identity Verification
SESSION-C6EF8877,Customer Information | Identity Verification,Document Verification
SESSION-C6EF8877,Customer Information | Identity Verification | Document Verification,Account Information
SESSION-C6EF8877,Customer Information | Identity Verification | Document Verification | Account Information,Onboarding Confirmation
SESSION-C705B19B,Customer Information,Service Selection
SESSION-C705B19B,Customer Information | Service Selection,Document Verification
SESSION-C705B19B,Customer Information | Service Selection | Document Verification,Installation
SESSION-C705B19B,Customer Information | Service Selection | Document Verification | Installation,Activation
SESSION-C75718FC,Customer Information,Service Selection
SESSION-C75718FC,Customer Information | Service Selection,Document Verification
SESSION-C75718FC,Customer Information | Service Selection | Document Verification,Installation
SESSION-C75718FC,Customer Information | Service Selection | Document Verification | Installation,Activation
SESSION-C75AD333,Customer Information,Service Selection
SESSION-C75AD333,Customer Information | Service Selection,Document Verification
SESSION-C75AD333,Customer Information | Service Selection | Document Verification,Installation
SESSION-C75AD333,Customer Information | Service Selection | Document Verification | Installation,Activation
SESSION-C75C6BD8,Customer Information,Identity Verification
SESSION-C75C6BD8,Customer Information | Identity Verification,Document Verification
SESSION-C75C6BD8,Customer Information | Identity Verification | Document Verification,Account Information
SESSION-C75C6BD8,Customer Information | Identity Verification | Document Verification | Account Information,Onboarding Confirmation
SESSION-C773845D,Customer Information,Identity Verification
SESSION-C773845D,Customer Information | Identity Verification,Document Verification
SESSION-C773845D,Customer Information | Identity Verification | Document Verification,Account Information
SESSION-C773845D,Customer Information | Identity Verification | Document Verification | Account Information,Customer Information
SESSION-C773845D,Customer Information | Identity Verification | Document Verification | Account Information | Customer Information,Onboarding Confirmation
SESSION-C7DB3E6F,Customer Information,Service Selection
SESSION-C7DB3E6F,Customer Information | Service Selection,Document Verification
SESSION-C7DB3E6F,Customer Information | Service Selection | Document Verification,Installation
SESSION-C7DB3E6F,Customer Information | Service Selection | Document Verification | Installation,Activation
SESSION-C7E2C8AE,Customer Information,Service Selection
SESSION-C7E2C8AE,Customer Information | Service Selection,Document Verification
SESSION-C7E2C8AE,Customer Information | Service Selection | Document Verification,Installation
SESSION-C7E2C8AE,Customer Information | Service Selection | Document Verification | Installation,Activation
SESSION-C82ED13C,Customer Information,Service Selection
SESSION-C82ED13C,Customer Information | Service Selection,Document Verification
SESSION-C82ED13C,Customer Information | Service Selection | Document Verification,Installation
SESSION-C82ED13C,Customer Information | Service Selection | Document Verification | Installation,Activation
SESSION-C868EDD3,Customer Information,Service Selection
SESSION-C868EDD3,Customer Information | Service Selection,Document Verification
SESSION-C868EDD3,Customer Information | Service Selection | Document Verification,Installation
SESSION-C868EDD3,Customer Information | Service Selection | Document Verification | Installation,Activation
SESSION-C898FCB1,Customer Information,Service Selection
SESSION-C898FCB1,Customer Information | Service Selection,Document Verification
SESSION-C898FCB1,Customer Information | Service Selection | Document Verification,Installation
SESSION-C898FCB1,Customer Information | Service Selection | Document Verification | Installation,Activation
SESSION-C8BC62DA,Service Selection,Installation
SESSION-C8BC62DA,Service Selection | Installation,Activation
SESSION-C8DC1A5B,Customer Information,Service Selection
SESSION-C8DC1A5B,Customer Information | Service Selection,Document Verification
SESSION-C8DC1A5B,Customer Information | Service Selection | Document Verification,Installation
SESSION-C8DC1A5B,Customer Information | Service Selection | Document Verification | Installation,Activation
SESSION-C8EE75F8,Customer Information,Service Selection
SESSION-C8EE75F8,Customer Information | Service Selection,Document Verification
SESSION-C8EE75F8,Customer Information | Service Selection | Document Verification,Installation
SESSION-C8EE75F8,Customer Information | Service Selection | Document Verification | Installation,Activation
SESSION-C9643970,Customer Information,Service Selection
SESSION-C9643970,Customer Information | Service Selection,Document Verification
SESSION-C9643970,Customer Information | Service Selection | Document Verification,Installation
SESSION-C9643970,Customer Information | Service Selection | Document Verification | Installation,Activation
SESSION-C969E313,Customer Information,Service Selection
SESSION-C969E313,Customer Information | Service Selection,Document Verification
SESSION-C969E313,Customer Information | Service Selection | Document Verification,Installation
SESSION-C969E313,Customer Information | Service Selection | Document Verification | Installation,Activation
SESSION-C9A23606,Customer Information,Service Selection
SESSION-C9A23606,Customer Information | Service Selection,Document Verification
SESSION-C9A23606,Customer Information | Service Selection | Document Verification,Service Selection
SESSION-C9A23606,Customer Information | Service Selection | Document Verification | Service Selection,Installation
SESSION-C9A23606,Customer Information | Service Selection | Document Verification | Service Selection | Installation,Activation
SESSION-C9EAC205,Customer Information,Document Verification
SESSION-C9EAC205,Customer Information | Document Verification,Installation
SESSION-C9EAC205,Customer Information | Document Verification | Installation,Activation
SESSION-CA8F16E4,Customer Information,Service Selection
SESSION-CA8F16E4,Customer Information | Service Selection,Document Verification
SESSION-CA8F16E4,Customer Information | Service Selection | Document Verification,Installation
SESSION-CA8F16E4,Customer Information | Service Selection | Document Verification | Installation,Activation
SESSION-CAD11C94,Customer Information,Service Selection
SESSION-CAD11C94,Customer Information | Service Selection,Document Verification
SESSION-CAD11C94,Customer Information | Service Selection | Document Verification,Installation
SESSION-CAD11C94,Customer Information | Service Selection | Document Verification | Installation,Activation
SESSION-CAFC9D86,Customer Information,Identity Verification
SESSION-CAFC9D86,Customer Information | Identity Verification,Document Verification
SESSION-CAFC9D86,Customer Information | Identity Verification | Document Verification,Account Information
SESSION-CAFC9D86,Customer Information | Identity Verification | Document Verification | Account Information,Onboarding Confirmation
SESSION-CB86ECC1,Customer Information,Identity Verification
SESSION-CB86ECC1,Customer Information | Identity Verification,Document Verification
SESSION-CB86ECC1,Customer Information | Identity Verification | Document Verification,Account Information
SESSION-CB86ECC1,Customer Information | Identity Verification | Document Verification | Account Information,Onboarding Confirmation
SESSION-CBA497BE,Customer Information,Identity Verification
SESSION-CBA497BE,Customer Information | Identity Verification,Document Verification
SESSION-CBA497BE,Customer Information | Identity Verification | Document Verification,Account Information
SESSION-CBA497BE,Customer Information | Identity Verification | Document Verification | Account Information,Customer Information
SESSION-CBA497BE,Customer Information | Identity Verification | Document Verification | Account Information | Customer Information,Onboarding Confirmation
SESSION-CBF6DEED,Customer Information,Identity Verification
SESSION-CBF6DEED,Customer Information | Identity Verification,Document Verification
SESSION-CBF6DEED,Customer Information | Identity Verification | Document Verification,Account Information
SESSION-CBF6DEED,Customer Information | Identity Verification | Document Verification | Account Information,Onboarding Confirmation
SESSION-CC10F670,Customer Information,Document Verification
SESSION-CC10F670,Customer Information | Document Verification,Onboarding Confirmation
SESSION-CC5D6B78,Customer Information,Identity Verification
SESSION-CC5D6B78,Customer Information | Identity Verification,Document Verification
SESSION-CC5D6B78,Customer Information | Identity Verification | Document Verification,Account Information
SESSION-CC5D6B78,Customer Information | Identity Verification | Document Verification | Account Information,Onboarding Confirmation
SESSION-CC8E3DA2,Customer Information,Identity Verification
SESSION-CC8E3DA2,Customer Information | Identity Verification,Document Verification
SESSION-CC8E3DA2,Customer Information | Identity Verification | Document Verification,Account Information
SESSION-CC8E3DA2,Customer Information | Identity Verification | Document Verification | Account Information,Onboarding Confirmation
SESSION-CCBF87E9,Customer Information,Service Selection
SESSION-CCBF87E9,Customer Information | Service Selection,Document Verification
SESSION-CCBF87E9,Customer Information | Service Selection | Document Verification,Installation
SESSION-CCBF87E9,Customer Information | Service Selection | Document Verification | Installation,Activation
SESSION-CD57E3E9,Customer Information,Service Selection
SESSION-CD57E3E9,Customer Information | Service Selection,Document Verification
SESSION-CD57E3E9,Customer Information | Service Selection | Document Verification,Installation
SESSION-CD57E3E9,Customer Information | Service Selection | Document Verification | Installation,Activation
SESSION-CE326754,Customer Information,Identity Verification
SESSION-CE326754,Customer Information | Identity Verification,Document Verification
SESSION-CE326754,Customer Information | Identity Verification | Document Verification,Account Information
SESSION-CE326754,Customer Information | Identity Verification | Document Verification | Account Information,Onboarding Confirmation
SESSION-CEA9B254,Customer Information,Identity Verification
SESSION-CEA9B254,Customer Information | Identity Verification,Document Verification
SESSION-CEA9B254,Customer Information | Identity Verification | Document Verification,Account Information
SESSION-CEA9B254,Customer Information | Identity Verification | Document Verification | Account Information,Onboarding Confirmation
SESSION-CEB02F6F,Customer Information,Identity Verification
SESSION-CEB02F6F,Customer Information | Identity Verification,Document Verification
SESSION-CEB02F6F,Customer Information | Identity Verification | Document Verification,Account Information
SESSION-CEB02F6F,Customer Information | Identity Verification | Document Verification | Account Information,Onboarding Confirmation
SESSION-CEF121D9,Customer Information,Identity Verification
SESSION-CEF121D9,Customer Information | Identity Verification,Document Verification
SESSION-CEF121D9,Customer Information | Identity Verification | Document Verification,Account Information
SESSION-CEF121D9,Customer Information | Identity Verification | Document Verification | Account Information,Onboarding Confirmation
SESSION-CEFF2A0F,Customer Information,Service Selection
SESSION-CEFF2A0F,Customer Information | Service Selection,Document Verification
SESSION-CEFF2A0F,Customer Information | Service Selection | Document Verification,Installation
SESSION-CEFF2A0F,Customer Information | Service Selection | Document Verification | Installation,Activation
SESSION-CF8F009B,Customer Information,Service Selection
SESSION-CF8F009B,Customer Information | Service Selection,Document Verification
SESSION-CF8F009B,Customer Information | Service Selection | Document Verification,Installation
SESSION-CF8F009B,Customer Information | Service Selection | Document Verification | Installation,Activation
SESSION-CFCB29D0,Customer Information,Identity Verification
SESSION-CFCB29D0,Customer Information | Identity Verification,Customer Information
SESSION-CFCB29D0,Customer Information | Identity Verification | Customer Information,Document Verification
SESSION-CFCB29D0,Customer Information | Identity Verification | Customer Information | Document Verification,Account Information
SESSION-CFCB29D0,Customer Information | Identity Verification | Customer Information | Document Verification | Account Information,Onboarding Confirmation
SESSION-D0025520,Customer Information,Identity Verification
SESSION-D0025520,Customer Information | Identity Verification,Document Verification
SESSION-D0025520,Customer Information | Identity Verification | Document Verification,Account Information
SESSION-D0025520,Customer Information | Identity Verification | Document Verification | Account Information,Onboarding Confirmation
SESSION-D023363F,Customer Information,Service Selection
SESSION-D023363F,Customer Information | Service Selection,Document Verification
SESSION-D023363F,Customer Information | Service Selection | Document Verification,Installation
SESSION-D023363F,Customer Information | Service Selection | Document Verification | Installation,Activation
SESSION-D023363F,Customer Information | Service Selection | Document Verification | Installation | Activation,Document Verification
SESSION-D06A13C7,Customer Information,Identity Verification
SESSION-D06A13C7,Customer Information | Identity Verification,Document Verification
SESSION-D06A13C7,Customer Information | Identity Verification | Document Verification,Account Information
SESSION-D06A13C7,Customer Information | Identity Verification | Document Verification | Account Information,Onboarding Confirmation
SESSION-D07E473D,Customer Information,Identity Verification
SESSION-D07E473D,Customer Information | Identity Verification,Document Verification
SESSION-D07E473D,Customer Information | Identity Verification | Document Verification,Account Information
SESSION-D07E473D,Customer Information | Identity Verification | Document Verification | Account Information,Onboarding Confirmation
SESSION-D0A62216,Customer Information,Service Selection
SESSION-D0A62216,Customer Information | Service Selection,Customer Information
SESSION-D0A62216,Customer Information | Service Selection | Customer Information,Document Verification
SESSION-D0A62216,Customer Information | Service Selection | Customer Information | Document Verification,Installation
SESSION-D0A62216,Customer Information | Service Selection | Customer Information | Document Verification | Installation,Activation
SESSION-D0A62216,Customer Information | Service Selection | Customer Information | Document Verification | Installation | Activation,Customer Information
SESSION-D0EFD1A4,Customer Information,Identity Verification
SESSION-D0EFD1A4,Customer Information | Identity Verification,Document Verification
SESSION-D0EFD1A4,Customer Information | Identity Verification | Document Verification,Customer Information
SESSION-D0EFD1A4,Customer Information | Identity Verification | Document Verification | Customer Information,Account Information
SESSION-D0EFD1A4,Customer Information | Identity Verification | Document Verification | Customer Information | Account Information,Onboarding Confirmation
SESSION-D0FCAEC0,Customer Information,Identity Verification
SESSION-D0FCAEC0,Customer Information | Identity Verification,Document Verification
SESSION-D0FCAEC0,Customer Information | Identity Verification | Document Verification,Account Information
SESSION-D0FCAEC0,Customer Information | Identity Verification | Document Verification | Account Information,Onboarding Confirmation
SESSION-D1843BDA,Customer Information,Identity Verification
SESSION-D1843BDA,Customer Information | Identity Verification,Document Verification
SESSION-D1843BDA,Customer Information | Identity Verification | Document Verification,Account Information
SESSION-D1843BDA,Customer Information | Identity Verification | Document Verification | Account Information,Onboarding Confirmation
SESSION-D228A9F9,Customer Information,Service Selection
SESSION-D228A9F9,Customer Information | Service Selection,Document Verification
SESSION-D228A9F9,Customer Information | Service Selection | Document Verification,Installation
SESSION-D228A9F9,Customer Information | Service Selection | Document Verification | Installation,Activation
SESSION-D24B73AC,Customer Information,Identity Verification
SESSION-D24B73AC,Customer Information | Identity Verification,Document Verification
SESSION-D24B73AC,Customer Information | Identity Verification | Document Verification,Account Information
SESSION-D24B73AC,Customer Information | Identity Verification | Document Verification | Account Information,Onboarding Confirmation
SESSION-D24B8033,Customer Information,Service Selection
SESSION-D24B8033,Customer Information | Service Selection,Customer Information
SESSION-D24B8033,Customer Information | Service Selection | Customer Information,Document Verification
SESSION-D24B8033,Customer Information | Service Selection | Customer Information | Document Verification,Installation
SESSION-D24B8033,Customer Information | Service Selection | Customer Information | Document Verification | Installation,Activation
SESSION-D24B8033,Customer Information | Service Selection | Customer Information | Document Verification | Installation | Activation,Installation
SESSION-D2D63E1A,Customer Information,Service Selection
SESSION-D2D63E1A,Customer Information | Service Selection,Document Verification
SESSION-D2D63E1A,Customer Information | Service Selection | Document Verification,Installation
SESSION-D2D63E1A,Customer Information | Service Selection | Document Verification | Installation,Activation
SESSION-D2FB46B4,Customer Information,Identity Verification
SESSION-D2FB46B4,Customer Information | Identity Verification,Document Verification
SESSION-D2FB46B4,Customer Information | Identity Verification | Document Verification,Account Information
SESSION-D2FB46B4,Customer Information | Identity Verification | Document Verification | Account Information,Onboarding Confirmation
SESSION-D340FE89,Customer Information,Identity Verification
SESSION-D340FE89,Customer Information | Identity Verification,Document Verification
SESSION-D340FE89,Customer Information | Identity Verification | Document Verification,Account Information
SESSION-D340FE89,Customer Information | Identity Verification | Document Verification | Account Information,Onboarding Confirmation
SESSION-D34F99D4,Customer Information,Identity Verification
SESSION-D34F99D4,Customer Information | Identity Verification,Document Verification
SESSION-D34F99D4,Customer Information | Identity Verification | Document Verification,Account Information
SESSION-D34F99D4,Customer Information | Identity Verification | Document Verification | Account Information,Onboarding Confirmation
SESSION-D379DB01,Customer Information,Service Selection
SESSION-D379DB01,Customer Information | Service Selection,Document Verification
SESSION-D379DB01,Customer Information | Service Selection | Document Verification,Installation
SESSION-D379DB01,Customer Information | Service Selection | Document Verification | Installation,Activation
SESSION-D3CFA863,Customer Information,Service Selection
SESSION-D3CFA863,Customer Information | Service Selection,Document Verification
SESSION-D3CFA863,Customer Information | Service Selection | Document Verification,Installation
SESSION-D3CFA863,Customer Information | Service Selection | Document Verification | Installation,Activation
SESSION-D406BF8A,Customer Information,Service Selection
SESSION-D406BF8A,Customer Information | Service Selection,Customer Information
SESSION-D406BF8A,Customer Information | Service Selection | Customer Information,Document Verification
SESSION-D406BF8A,Customer Information | Service Selection | Customer Information | Document Verification,Installation
SESSION-D406BF8A,Customer Information | Service Selection | Customer Information | Document Verification | Installation,Activation
SESSION-D4355E7F,Customer Information,Identity Verification
SESSION-D4355E7F,Customer Information | Identity Verification,Document Verification
SESSION-D4355E7F,Customer Information | Identity Verification | Document Verification,Account Information
SESSION-D4355E7F,Customer Information | Identity Verification | Document Verification | Account Information,Onboarding Confirmation
SESSION-D4B1910A,Customer Information,Service Selection
SESSION-D4B1910A,Customer Information | Service Selection,Document Verification
SESSION-D4B1910A,Customer Information | Service Selection | Document Verification,Installation
SESSION-D4B1910A,Customer Information | Service Selection | Document Verification | Installation,Activation
SESSION-D4D8FDFA,Customer Information,Identity Verification
SESSION-D4D8FDFA,Customer Information | Identity Verification,Document Verification
SESSION-D4D8FDFA,Customer Information | Identity Verification | Document Verification,Account Information
SESSION-D4D8FDFA,Customer Information | Identity Verification | Document Verification | Account Information,Onboarding Confirmation
SESSION-D4DD8147,Customer Information,Identity Verification
SESSION-D4DD8147,Customer Information | Identity Verification,Document Verification
SESSION-D4DD8147,Customer Information | Identity Verification | Document Verification,Account Information
SESSION-D4DD8147,Customer Information | Identity Verification | Document Verification | Account Information,Onboarding Confirmation
SESSION-D541B7B2,Customer Information,Identity Verification
SESSION-D541B7B2,Customer Information | Identity Verification,Document Verification
SESSION-D541B7B2,Customer Information | Identity Verification | Document Verification,Account Information
SESSION-D541B7B2,Customer Information | Identity Verification | Document Verification | Account Information,Onboarding Confirmation
SESSION-D609EDBE,Customer Information,Identity Verification
SESSION-D609EDBE,Customer Information | Identity Verification,Document Verification
SESSION-D609EDBE,Customer Information | Identity Verification | Document Verification,Account Information
SESSION-D609EDBE,Customer Information | Identity Verification | Document Verification | Account Information,Onboarding Confirmation
SESSION-D62B201F,Customer Information,Service Selection
SESSION-D62B201F,Customer Information | Service Selection,Document Verification
SESSION-D62B201F,Customer Information | Service Selection | Document Verification,Installation
SESSION-D62B201F,Customer Information | Service Selection | Document Verification | Installation,Activation
SESSION-D62E16AE,Customer Information,Identity Verification
SESSION-D62E16AE,Customer Information | Identity Verification,Document Verification
SESSION-D62E16AE,Customer Information | Identity Verification | Document Verification,Account Information
SESSION-D62E16AE,Customer Information | Identity Verification | Document Verification | Account Information,Document Verification
SESSION-D62E16AE,Customer Information | Identity Verification | Document Verification | Account Information | Document Verification,Onboarding Confirmation
SESSION-D689077D,Customer Information,Service Selection
SESSION-D689077D,Customer Information | Service Selection,Document Verification
SESSION-D689077D,Customer Information | Service Selection | Document Verification,Installation
SESSION-D689077D,Customer Information | Service Selection | Document Verification | Installation,Activation
SESSION-D69A5B63,Customer Information,Identity Verification
SESSION-D69A5B63,Customer Information | Identity Verification,Document Verification
SESSION-D69A5B63,Customer Information | Identity Verification | Document Verification,Account Information
SESSION-D69A5B63,Customer Information | Identity Verification | Document Verification | Account Information,Onboarding Confirmation
SESSION-D6A318CF,Customer Information,Service Selection
SESSION-D6A318CF,Customer Information | Service Selection,Document Verification
SESSION-D6A318CF,Customer Information | Service Selection | Document Verification,Installation
SESSION-D6A318CF,Customer Information | Service Selection | Document Verification | Installation,Activation
SESSION-D6B680E6,Customer Information,Service Selection
SESSION-D6B680E6,Customer Information | Service Selection,Document Verification
SESSION-D6B680E6,Customer Information | Service Selection | Document Verification,Installation
SESSION-D6B680E6,Customer Information | Service Selection | Document Verification | Installation,Activation
SESSION-D6D5C10B,Customer Information,Identity Verification
SESSION-D6D5C10B,Customer Information | Identity Verification,Document Verification
SESSION-D6D5C10B,Customer Information | Identity Verification | Document Verification,Account Information
SESSION-D6D5C10B,Customer Information | Identity Verification | Document Verification | Account Information,Onboarding Confirmation
SESSION-D76992F8,Customer Information,Service Selection
SESSION-D76992F8,Customer Information | Service Selection,Document Verification
SESSION-D76992F8,Customer Information | Service Selection | Document Verification,Customer Information
SESSION-D76992F8,Customer Information | Service Selection | Document Verification | Customer Information,Installation
SESSION-D76992F8,Customer Information | Service Selection | Document Verification | Customer Information | Installation,Activation
SESSION-D76992F8,Customer Information | Service Selection | Document Verification | Customer Information | Installation | Activation,Service Selection
SESSION-D79F3504,Customer Information,Service Selection
SESSION-D79F3504,Customer Information | Service Selection,Document Verification
SESSION-D79F3504,Customer Information | Service Selection | Document Verification,Installation
SESSION-D79F3504,Customer Information | Service Selection | Document Verification | Installation,Activation
SESSION-D7AC906C,Customer Information,Identity Verification
SESSION-D7AC906C,Customer Information | Identity Verification,Document Verification
SESSION-D7AC906C,Customer Information | Identity Verification | Document Verification,Account Information
SESSION-D7AC906C,Customer Information | Identity Verification | Document Verification | Account Information,Onboarding Confirmation
SESSION-D80F2ECF,Customer Information,Identity Verification
SESSION-D80F2ECF,Customer Information | Identity Verification,Document Verification
SESSION-D80F2ECF,Customer Information | Identity Verification | Document Verification,Account Information
SESSION-D80F2ECF,Customer Information | Identity Verification | Document Verification | Account Information,Onboarding Confirmation
SESSION-D8CD8458,Customer Information,Identity Verification
SESSION-D8CD8458,Customer Information | Identity Verification,Document Verification
SESSION-D8CD8458,Customer Information | Identity Verification | Document Verification,Account Information
SESSION-D8CD8458,Customer Information | Identity Verification | Document Verification | Account Information,Onboarding Confirmation
SESSION-D8CD8458,Customer Information | Identity Verification | Document Verification | Account Information | Onboarding Confirmation,Customer Information
SESSION-D9071469,Customer Information,Service Selection
SESSION-D9071469,Customer Information | Service Selection,Document Verification
SESSION-D9071469,Customer Information | Service Selection | Document Verification,Installation
SESSION-D9071469,Customer Information | Service Selection | Document Verification | Installation,Activation
SESSION-D909EFE2,Customer Information,Service Selection
SESSION-D909EFE2,Customer Information | Service Selection,Document Verification
SESSION-D909EFE2,Customer Information | Service Selection | Document Verification,Installation
SESSION-D909EFE2,Customer Information | Service Selection | Document Verification | Installation,Activation
SESSION-D930D38E,Customer Information,Service Selection
SESSION-D930D38E,Customer Information | Service Selection,Document Verification
SESSION-D930D38E,Customer Information | Service Selection | Document Verification,Installation
SESSION-D930D38E,Customer Information | Service Selection | Document Verification | Installation,Activation
SESSION-D996ED58,Customer Information,Service Selection
SESSION-D996ED58,Customer Information | Service Selection,Document Verification
SESSION-D996ED58,Customer Information | Service Selection | Document Verification,Installation
SESSION-D996ED58,Customer Information | Service Selection | Document Verification | Installation,Activation
SESSION-D99B2579,Customer Information,Identity Verification
SESSION-D99B2579,Customer Information | Identity Verification,Document Verification
SESSION-D99B2579,Customer Information | Identity Verification | Document Verification,Account Information
SESSION-D99B2579,Customer Information | Identity Verification | Document Verification | Account Information,Onboarding Confirmation
SESSION-D9A65FB6,Customer Information,Service Selection
SESSION-D9A65FB6,Customer Information | Service Selection,Document Verification
SESSION-D9A65FB6,Customer Information | Service Selection | Document Verification,Installation
SESSION-D9A65FB6,Customer Information | Service Selection | Document Verification | Installation,Activation
SESSION-D9D836FF,Customer Information,Identity Verification
SESSION-D9D836FF,Customer Information | Identity Verification,Document Verification
SESSION-D9D836FF,Customer Information | Identity Verification | Document Verification,Account Information
SESSION-D9D836FF,Customer Information | Identity Verification | Document Verification | Account Information,Onboarding Confirmation
SESSION-DA337998,Customer Information,Identity Verification
SESSION-DA337998,Customer Information | Identity Verification,Document Verification
SESSION-DA337998,Customer Information | Identity Verification | Document Verification,Account Information
SESSION-DA337998,Customer Information | Identity Verification | Document Verification | Account Information,Onboarding Confirmation
SESSION-DA433E6A,Customer Information,Service Selection
SESSION-DA433E6A,Customer Information | Service Selection,Document Verification
SESSION-DA433E6A,Customer Information | Service Selection | Document Verification,Installation
SESSION-DA433E6A,Customer Information | Service Selection | Document Verification | Installation,Activation
SESSION-DA5506FF,Customer Information,Identity Verification
SESSION-DA5506FF,Customer Information | Identity Verification,Document Verification
SESSION-DA5506FF,Customer Information | Identity Verification | Document Verification,Account Information
SESSION-DA5506FF,Customer Information | Identity Verification | Document Verification | Account Information,Onboarding Confirmation
SESSION-DB39E034,Customer Information,Identity Verification
SESSION-DB39E034,Customer Information | Identity Verification,Document Verification
SESSION-DB39E034,Customer Information | Identity Verification | Document Verification,Account Information
SESSION-DB39E034,Customer Information | Identity Verification | Document Verification | Account Information,Onboarding Confirmation
SESSION-DB454788,Customer Information,Service Selection
SESSION-DB454788,Customer Information | Service Selection,Document Verification
SESSION-DB454788,Customer Information | Service Selection | Document Verification,Installation
SESSION-DB454788,Customer Information | Service Selection | Document Verification | Installation,Activation
SESSION-DB57BE3D,Customer Information,Identity Verification
SESSION-DB57BE3D,Customer Information | Identity Verification,Document Verification
SESSION-DB57BE3D,Customer Information | Identity Verification | Document Verification,Account Information
SESSION-DB57BE3D,Customer Information | Identity Verification | Document Verification | Account Information,Onboarding Confirmation
SESSION-DBA97077,Customer Information,Identity Verification
SESSION-DBA97077,Customer Information | Identity Verification,Document Verification
SESSION-DBA97077,Customer Information | Identity Verification | Document Verification,Account Information
SESSION-DBA97077,Customer Information | Identity Verification | Document Verification | Account Information,Onboarding Confirmation
SESSION-DBB15481,Customer Information,Service Selection
SESSION-DBB15481,Customer Information | Service Selection,Document Verification
SESSION-DBB15481,Customer Information | Service Selection | Document Verification,Installation
SESSION-DBB15481,Customer Information | Service Selection | Document Verification | Installation,Activation
SESSION-DC22642A,Document Verification,Installation
SESSION-DC22642A,Document Verification | Installation,Activation
SESSION-DC749209,Customer Information,Identity Verification
SESSION-DC749209,Customer Information | Identity Verification,Document Verification
SESSION-DC749209,Customer Information | Identity Verification | Document Verification,Account Information
SESSION-DC749209,Customer Information | Identity Verification | Document Verification | Account Information,Onboarding Confirmation
SESSION-DC8E223E,Customer Information,Identity Verification
SESSION-DC8E223E,Customer Information | Identity Verification,Document Verification
SESSION-DC8E223E,Customer Information | Identity Verification | Document Verification,Account Information
SESSION-DC8E223E,Customer Information | Identity Verification | Document Verification | Account Information,Onboarding Confirmation
SESSION-DCAF936C,Customer Information,Service Selection
SESSION-DCAF936C,Customer Information | Service Selection,Document Verification
SESSION-DCAF936C,Customer Information | Service Selection | Document Verification,Installation
SESSION-DCAF936C,Customer Information | Service Selection | Document Verification | Installation,Service Selection
SESSION-DCAF936C,Customer Information | Service Selection | Document Verification | Installation | Service Selection,Activation
SESSION-DCDFBE6D,Customer Information,Identity Verification
SESSION-DCDFBE6D,Customer Information | Identity Verification,Customer Information
SESSION-DCDFBE6D,Customer Information | Identity Verification | Customer Information,Document Verification
SESSION-DCDFBE6D,Customer Information | Identity Verification | Customer Information | Document Verification,Account Information
SESSION-DCDFBE6D,Customer Information | Identity Verification | Customer Information | Document Verification | Account Information,Onboarding Confirmation
SESSION-DD0BEFD1,Customer Information,Identity Verification
SESSION-DD0BEFD1,Customer Information | Identity Verification,Document Verification
SESSION-DD0BEFD1,Customer Information | Identity Verification | Document Verification,Account Information
SESSION-DD0BEFD1,Customer Information | Identity Verification | Document Verification | Account Information,Onboarding Confirmation
SESSION-DD295E72,Customer Information,Identity Verification
SESSION-DD295E72,Customer Information | Identity Verification,Document Verification
SESSION-DD295E72,Customer Information | Identity Verification | Document Verification,Account Information
SESSION-DD295E72,Customer Information | Identity Verification | Document Verification | Account Information,Onboarding Confirmation
SESSION-DD40C1C6,Customer Information,Activation
SESSION-DDBEF210,Customer Information,Identity Verification
SESSION-DDBEF210,Customer Information | Identity Verification,Document Verification
SESSION-DDBEF210,Customer Information | Identity Verification | Document Verification,Account Information
SESSION-DDBEF210,Customer Information | Identity Verification | Document Verification | Account Information,Onboarding Confirmation
SESSION-DDCC4368,Identity Verification,Document Verification
SESSION-DDCC4368,Identity Verification | Document Verification,Onboarding Confirmation
SESSION-DE223B3A,Customer Information,Identity Verification
SESSION-DE223B3A,Customer Information | Identity Verification,Document Verification
SESSION-DE223B3A,Customer Information | Identity Verification | Document Verification,Account Information
SESSION-DE223B3A,Customer Information | Identity Verification | Document Verification | Account Information,Onboarding Confirmation
SESSION-DE76A624,Customer Information,Service Selection
SESSION-DE76A624,Customer Information | Service Selection,Document Verification
SESSION-DE76A624,Customer Information | Service Selection | Document Verification,Installation
SESSION-DE76A624,Customer Information | Service Selection | Document Verification | Installation,Activation
SESSION-DEC82BAD,Customer Information,Service Selection
SESSION-DEC82BAD,Customer Information | Service Selection,Document Verification
SESSION-DEC82BAD,Customer Information | Service Selection | Document Verification,Installation
SESSION-DEC82BAD,Customer Information | Service Selection | Document Verification | Installation,Activation
SESSION-DF208872,Customer Information,Service Selection
SESSION-DF208872,Customer Information | Service Selection,Document Verification
SESSION-DF208872,Customer Information | Service Selection | Document Verification,Installation
SESSION-DF208872,Customer Information | Service Selection | Document Verification | Installation,Activation
SESSION-DF4BE2FA,Customer Information,Identity Verification
SESSION-DF4BE2FA,Customer Information | Identity Verification,Document Verification
SESSION-DF4BE2FA,Customer Information | Identity Verification | Document Verification,Account Information
SESSION-DF4BE2FA,Customer Information | Identity Verification | Document Verification | Account Information,Onboarding Confirmation
SESSION-DF59A9BC,Customer Information,Service Selection
SESSION-DF59A9BC,Customer Information | Service Selection,Document Verification
SESSION-DF59A9BC,Customer Information | Service Selection | Document Verification,Installation
SESSION-DF59A9BC,Customer Information | Service Selection | Document Verification | Installation,Activation
SESSION-DFAE61FB,Customer Information,Service Selection
SESSION-DFAE61FB,Customer Information | Service Selection,Document Verification
SESSION-DFAE61FB,Customer Information | Service Selection | Document Verification,Installation
SESSION-DFAE61FB,Customer Information | Service Selection | Document Verification | Installation,Activation
SESSION-DFAF9E8C,Customer Information,Service Selection
SESSION-DFAF9E8C,Customer Information | Service Selection,Document Verification
SESSION-DFAF9E8C,Customer Information | Service Selection | Document Verification,Installation
SESSION-DFAF9E8C,Customer Information | Service Selection | Document Verification | Installation,Activation
SESSION-DFD9D808,Customer Information,Identity Verification
SESSION-DFD9D808,Customer Information | Identity Verification,Document Verification
SESSION-DFD9D808,Customer Information | Identity Verification | Document Verification,Account Information
SESSION-DFD9D808,Customer Information | Identity Verification | Document Verification | Account Information,Onboarding Confirmation
SESSION-DFED4C92,Customer Information,Identity Verification
SESSION-DFED4C92,Customer Information | Identity Verification,Document Verification
SESSION-DFED4C92,Customer Information | Identity Verification | Document Verification,Account Information
SESSION-DFED4C92,Customer Information | Identity Verification | Document Verification | Account Information,Onboarding Confirmation
SESSION-E0022AF6,Customer Information,Identity Verification
SESSION-E0022AF6,Customer Information | Identity Verification,Document Verification
SESSION-E0022AF6,Customer Information | Identity Verification | Document Verification,Identity Verification
SESSION-E0022AF6,Customer Information | Identity Verification | Document Verification | Identity Verification,Account Information
SESSION-E0022AF6,Customer Information | Identity Verification | Document Verification | Identity Verification | Account Information,Onboarding Confirmation
SESSION-E046E321,Customer Information,Identity Verification
SESSION-E046E321,Customer Information | Identity Verification,Document Verification
SESSION-E046E321,Customer Information | Identity Verification | Document Verification,Account Information
SESSION-E046E321,Customer Information | Identity Verification | Document Verification | Account Information,Onboarding Confirmation
SESSION-E08AFCB0,Customer Information,Identity Verification
SESSION-E08AFCB0,Customer Information | Identity Verification,Document Verification
SESSION-E08AFCB0,Customer Information | Identity Verification | Document Verification,Account Information
SESSION-E08AFCB0,Customer Information | Identity Verification | Document Verification | Account Information,Onboarding Confirmation
SESSION-E14A3A6E,Customer Information,Identity Verification
SESSION-E14A3A6E,Customer Information | Identity Verification,Document Verification
SESSION-E14A3A6E,Customer Information | Identity Verification | Document Verification,Account Information
SESSION-E14A3A6E,Customer Information | Identity Verification | Document Verification | Account Information,Onboarding Confirmation
SESSION-E1937588,Customer Information,Service Selection
SESSION-E1937588,Customer Information | Service Selection,Document Verification
SESSION-E1937588,Customer Information | Service Selection | Document Verification,Installation
SESSION-E1937588,Customer Information | Service Selection | Document Verification | Installation,Activation
SESSION-E19D3D38,Customer Information,Service Selection
SESSION-E19D3D38,Customer Information | Service Selection,Document Verification
SESSION-E19D3D38,Customer Information | Service Selection | Document Verification,Installation
SESSION-E19D3D38,Customer Information | Service Selection | Document Verification | Installation,Activation
SESSION-E1E7E9C8,Document Verification,Activation
SESSION-E237A29D,Customer Information,Service Selection
SESSION-E237A29D,Customer Information | Service Selection,Document Verification
SESSION-E237A29D,Customer Information | Service Selection | Document Verification,Installation
SESSION-E237A29D,Customer Information | Service Selection | Document Verification | Installation,Activation
SESSION-E24A12AC,Customer Information,Identity Verification
SESSION-E24A12AC,Customer Information | Identity Verification,Document Verification
SESSION-E24A12AC,Customer Information | Identity Verification | Document Verification,Account Information
SESSION-E24A12AC,Customer Information | Identity Verification | Document Verification | Account Information,Onboarding Confirmation
SESSION-E257EA12,Customer Information,Service Selection
SESSION-E257EA12,Customer Information | Service Selection,Document Verification
SESSION-E257EA12,Customer Information | Service Selection | Document Verification,Installation
SESSION-E257EA12,Customer Information | Service Selection | Document Verification | Installation,Activation
SESSION-E2617741,Customer Information,Identity Verification
SESSION-E2617741,Customer Information | Identity Verification,Document Verification
SESSION-E2617741,Customer Information | Identity Verification | Document Verification,Account Information
SESSION-E2617741,Customer Information | Identity Verification | Document Verification | Account Information,Onboarding Confirmation
SESSION-E27263D9,Customer Information,Service Selection
SESSION-E27263D9,Customer Information | Service Selection,Document Verification
SESSION-E27263D9,Customer Information | Service Selection | Document Verification,Installation
SESSION-E27263D9,Customer Information | Service Selection | Document Verification | Installation,Activation
SESSION-E3CA5049,Customer Information,Service Selection
SESSION-E3CA5049,Customer Information | Service Selection,Document Verification
SESSION-E3CA5049,Customer Information | Service Selection | Document Verification,Installation
SESSION-E3CA5049,Customer Information | Service Selection | Document Verification | Installation,Activation
SESSION-E3E6358B,Customer Information,Service Selection
SESSION-E3E6358B,Customer Information | Service Selection,Document Verification
SESSION-E3E6358B,Customer Information | Service Selection | Document Verification,Installation
SESSION-E3E6358B,Customer Information | Service Selection | Document Verification | Installation,Activation
SESSION-E40F91A8,Customer Information,Identity Verification
SESSION-E40F91A8,Customer Information | Identity Verification,Document Verification
SESSION-E40F91A8,Customer Information | Identity Verification | Document Verification,Account Information
SESSION-E40F91A8,Customer Information | Identity Verification | Document Verification | Account Information,Onboarding Confirmation
SESSION-E44B14C3,Customer Information,Service Selection
SESSION-E44B14C3,Customer Information | Service Selection,Document Verification
SESSION-E44B14C3,Customer Information | Service Selection | Document Verification,Installation
SESSION-E44B14C3,Customer Information | Service Selection | Document Verification | Installation,Activation
SESSION-E489F348,Customer Information,Service Selection
SESSION-E489F348,Customer Information | Service Selection,Document Verification
SESSION-E489F348,Customer Information | Service Selection | Document Verification,Installation
SESSION-E489F348,Customer Information | Service Selection | Document Verification | Installation,Activation
SESSION-E4C88AC5,Customer Information,Identity Verification
SESSION-E4C88AC5,Customer Information | Identity Verification,Document Verification
SESSION-E4C88AC5,Customer Information | Identity Verification | Document Verification,Account Information
SESSION-E4C88AC5,Customer Information | Identity Verification | Document Verification | Account Information,Onboarding Confirmation
SESSION-E4E79B5B,Customer Information,Service Selection
SESSION-E4E79B5B,Customer Information | Service Selection,Document Verification
SESSION-E4E79B5B,Customer Information | Service Selection | Document Verification,Installation
SESSION-E4E79B5B,Customer Information | Service Selection | Document Verification | Installation,Activation
SESSION-E51AB011,Customer Information,Service Selection
SESSION-E51AB011,Customer Information | Service Selection,Document Verification
SESSION-E51AB011,Customer Information | Service Selection | Document Verification,Installation
SESSION-E51AB011,Customer Information | Service Selection | Document Verification | Installation,Activation
SESSION-E54895BC,Customer Information,Service Selection
SESSION-E54895BC,Customer Information | Service Selection,Document Verification
SESSION-E54895BC,Customer Information | Service Selection | Document Verification,Installation
SESSION-E54895BC,Customer Information | Service Selection | Document Verification | Installation,Activation
SESSION-E54A706E,Customer Information,Service Selection
SESSION-E54A706E,Customer Information | Service Selection,Document Verification
SESSION-E54A706E,Customer Information | Service Selection | Document Verification,Installation
SESSION-E54A706E,Customer Information | Service Selection | Document Verification | Installation,Activation
SESSION-E55CF5EA,Customer Information,Service Selection
SESSION-E55CF5EA,Customer Information | Service Selection,Document Verification
SESSION-E55CF5EA,Customer Information | Service Selection | Document Verification,Installation
SESSION-E55CF5EA,Customer Information | Service Selection | Document Verification | Installation,Activation
SESSION-E5913386,Customer Information,Identity Verification
SESSION-E5913386,Customer Information | Identity Verification,Document Verification
SESSION-E5913386,Customer Information | Identity Verification | Document Verification,Account Information
SESSION-E5913386,Customer Information | Identity Verification | Document Verification | Account Information,Onboarding Confirmation
SESSION-E5AFFADD,Customer Information,Identity Verification
SESSION-E5AFFADD,Customer Information | Identity Verification,Document Verification
SESSION-E5AFFADD,Customer Information | Identity Verification | Document Verification,Account Information
SESSION-E5AFFADD,Customer Information | Identity Verification | Document Verification | Account Information,Onboarding Confirmation
SESSION-E5BE03C4,Customer Information,Service Selection
SESSION-E5BE03C4,Customer Information | Service Selection,Document Verification
SESSION-E5BE03C4,Customer Information | Service Selection | Document Verification,Installation
SESSION-E5BE03C4,Customer Information | Service Selection | Document Verification | Installation,Activation
SESSION-E5D310A5,Customer Information,Identity Verification
SESSION-E5D310A5,Customer Information | Identity Verification,Document Verification
SESSION-E5D310A5,Customer Information | Identity Verification | Document Verification,Account Information
SESSION-E5D310A5,Customer Information | Identity Verification | Document Verification | Account Information,Onboarding Confirmation
SESSION-E5F9C1F7,Customer Information,Service Selection
SESSION-E5F9C1F7,Customer Information | Service Selection,Document Verification
SESSION-E5F9C1F7,Customer Information | Service Selection | Document Verification,Installation
SESSION-E5F9C1F7,Customer Information | Service Selection | Document Verification | Installation,Activation
SESSION-E5FC6E5C,Customer Information,Service Selection
SESSION-E5FC6E5C,Customer Information | Service Selection,Document Verification
SESSION-E5FC6E5C,Customer Information | Service Selection | Document Verification,Installation
SESSION-E5FC6E5C,Customer Information | Service Selection | Document Verification | Installation,Activation
SESSION-E61F4855,Customer Information,Identity Verification
SESSION-E61F4855,Customer Information | Identity Verification,Customer Information
SESSION-E61F4855,Customer Information | Identity Verification | Customer Information,Document Verification
SESSION-E61F4855,Customer Information | Identity Verification | Customer Information | Document Verification,Account Information
SESSION-E61F4855,Customer Information | Identity Verification | Customer Information | Document Verification | Account Information,Onboarding Confirmation
SESSION-E63D528C,Customer Information,Identity Verification
SESSION-E63D528C,Customer Information | Identity Verification,Document Verification
SESSION-E63D528C,Customer Information | Identity Verification | Document Verification,Account Information
SESSION-E63D528C,Customer Information | Identity Verification | Document Verification | Account Information,Onboarding Confirmation
SESSION-E650B7A0,Customer Information,Identity Verification
SESSION-E650B7A0,Customer Information | Identity Verification,Document Verification
SESSION-E650B7A0,Customer Information | Identity Verification | Document Verification,Account Information
SESSION-E650B7A0,Customer Information | Identity Verification | Document Verification | Account Information,Onboarding Confirmation
SESSION-E6A1F1E3,Customer Information,Identity Verification
SESSION-E6A1F1E3,Customer Information | Identity Verification,Document Verification
SESSION-E6A1F1E3,Customer Information | Identity Verification | Document Verification,Account Information
SESSION-E6A1F1E3,Customer Information | Identity Verification | Document Verification | Account Information,Onboarding Confirmation
SESSION-E6A8E33E,Customer Information,Identity Verification
SESSION-E6A8E33E,Customer Information | Identity Verification,Document Verification
SESSION-E6A8E33E,Customer Information | Identity Verification | Document Verification,Account Information
SESSION-E6A8E33E,Customer Information | Identity Verification | Document Verification | Account Information,Onboarding Confirmation
SESSION-E6AEE9E0,Customer Information,Service Selection
SESSION-E6AEE9E0,Customer Information | Service Selection,Document Verification
SESSION-E6AEE9E0,Customer Information | Service Selection | Document Verification,Installation
SESSION-E6AEE9E0,Customer Information | Service Selection | Document Verification | Installation,Activation
SESSION-E75C1363,Customer Information,Service Selection
SESSION-E75C1363,Customer Information | Service Selection,Document Verification
SESSION-E75C1363,Customer Information | Service Selection | Document Verification,Installation
SESSION-E75C1363,Customer Information | Service Selection | Document Verification | Installation,Activation
SESSION-E7D1959D,Customer Information,Service Selection
SESSION-E7D1959D,Customer Information | Service Selection,Document Verification
SESSION-E7D1959D,Customer Information | Service Selection | Document Verification,Installation
SESSION-E7D1959D,Customer Information | Service Selection | Document Verification | Installation,Activation
SESSION-E7F59F84,Customer Information,Service Selection
SESSION-E7F59F84,Customer Information | Service Selection,Document Verification
SESSION-E7F59F84,Customer Information | Service Selection | Document Verification,Installation
SESSION-E7F59F84,Customer Information | Service Selection | Document Verification | Installation,Activation
SESSION-E7FB7FBD,Customer Information,Identity Verification
SESSION-E7FB7FBD,Customer Information | Identity Verification,Document Verification
SESSION-E7FB7FBD,Customer Information | Identity Verification | Document Verification,Account Information
SESSION-E7FB7FBD,Customer Information | Identity Verification | Document Verification | Account Information,Onboarding Confirmation
SESSION-E84271E3,Customer Information,Identity Verification
SESSION-E84271E3,Customer Information | Identity Verification,Document Verification
SESSION-E84271E3,Customer Information | Identity Verification | Document Verification,Identity Verification
SESSION-E84271E3,Customer Information | Identity Verification | Document Verification | Identity Verification,Account Information
SESSION-E84271E3,Customer Information | Identity Verification | Document Verification | Identity Verification | Account Information,Onboarding Confirmation
SESSION-E887B633,Customer Information,Identity Verification
SESSION-E887B633,Customer Information | Identity Verification,Document Verification
SESSION-E887B633,Customer Information | Identity Verification | Document Verification,Account Information
SESSION-E887B633,Customer Information | Identity Verification | Document Verification | Account Information,Onboarding Confirmation
SESSION-E914B0FD,Customer Information,Identity Verification
SESSION-E914B0FD,Customer Information | Identity Verification,Document Verification
SESSION-E914B0FD,Customer Information | Identity Verification | Document Verification,Account Information
SESSION-E914B0FD,Customer Information | Identity Verification | Document Verification | Account Information,Onboarding Confirmation
SESSION-E914D927,Customer Information,Identity Verification
SESSION-E914D927,Customer Information | Identity Verification,Document Verification
SESSION-E914D927,Customer Information | Identity Verification | Document Verification,Account Information
SESSION-E914D927,Customer Information | Identity Verification | Document Verification | Account Information,Onboarding Confirmation
SESSION-E95879B8,Customer Information,Service Selection
SESSION-E95879B8,Customer Information | Service Selection,Document Verification
SESSION-E95879B8,Customer Information | Service Selection | Document Verification,Installation
SESSION-E95879B8,Customer Information | Service Selection | Document Verification | Installation,Activation
SESSION-E9693DEF,Customer Information,Service Selection
SESSION-E9693DEF,Customer Information | Service Selection,Customer Information
SESSION-E9693DEF,Customer Information | Service Selection | Customer Information,Document Verification
SESSION-E9693DEF,Customer Information | Service Selection | Customer Information | Document Verification,Installation
SESSION-E9693DEF,Customer Information | Service Selection | Customer Information | Document Verification | Installation,Activation
SESSION-E9693DEF,Customer Information | Service Selection | Customer Information | Document Verification | Installation | Activation,Customer Information
SESSION-E9BEBC3E,Customer Information,Identity Verification
SESSION-E9BEBC3E,Customer Information | Identity Verification,Document Verification
SESSION-E9BEBC3E,Customer Information | Identity Verification | Document Verification,Account Information
SESSION-E9BEBC3E,Customer Information | Identity Verification | Document Verification | Account Information,Onboarding Confirmation
SESSION-EA1045C2,Customer Information,Identity Verification
SESSION-EA1045C2,Customer Information | Identity Verification,Document Verification
SESSION-EA1045C2,Customer Information | Identity Verification | Document Verification,Account Information
SESSION-EA1045C2,Customer Information | Identity Verification | Document Verification | Account Information,Onboarding Confirmation
SESSION-EA3A43E7,Customer Information,Service Selection
SESSION-EA3A43E7,Customer Information | Service Selection,Customer Information
SESSION-EA3A43E7,Customer Information | Service Selection | Customer Information,Document Verification
SESSION-EA3A43E7,Customer Information | Service Selection | Customer Information | Document Verification,Installation
SESSION-EA3A43E7,Customer Information | Service Selection | Customer Information | Document Verification | Installation,Activation
SESSION-EA4EC782,Customer Information,Identity Verification
SESSION-EA4EC782,Customer Information | Identity Verification,Document Verification
SESSION-EA4EC782,Customer Information | Identity Verification | Document Verification,Account Information
SESSION-EA4EC782,Customer Information | Identity Verification | Document Verification | Account Information,Onboarding Confirmation
SESSION-EA5002E2,Customer Information,Service Selection
SESSION-EA5002E2,Customer Information | Service Selection,Document Verification
SESSION-EA5002E2,Customer Information | Service Selection | Document Verification,Installation
SESSION-EA5002E2,Customer Information | Service Selection | Document Verification | Installation,Activation
SESSION-EA6E4FF0,Document Verification,Installation
SESSION-EA6E4FF0,Document Verification | Installation,Activation
SESSION-EA6FA638,Customer Information,Service Selection
SESSION-EA6FA638,Customer Information | Service Selection,Document Verification
SESSION-EA6FA638,Customer Information | Service Selection | Document Verification,Installation
SESSION-EA6FA638,Customer Information | Service Selection | Document Verification | Installation,Activation
SESSION-EA6FA638,Customer Information | Service Selection | Document Verification | Installation | Activation,Customer Information
SESSION-EA9EB31C,Customer Information,Identity Verification
SESSION-EA9EB31C,Customer Information | Identity Verification,Document Verification
SESSION-EA9EB31C,Customer Information | Identity Verification | Document Verification,Account Information
SESSION-EA9EB31C,Customer Information | Identity Verification | Document Verification | Account Information,Onboarding Confirmation
SESSION-EAA9CC84,Customer Information,Document Verification
SESSION-EAA9CC84,Customer Information | Document Verification,Account Information
SESSION-EAA9CC84,Customer Information | Document Verification | Account Information,Onboarding Confirmation
SESSION-EAB454CA,Customer Information,Service Selection
SESSION-EAB454CA,Customer Information | Service Selection,Document Verification
SESSION-EAB454CA,Customer Information | Service Selection | Document Verification,Installation
SESSION-EAB454CA,Customer Information | Service Selection | Document Verification | Installation,Activation
SESSION-EB07F141,Customer Information,Identity Verification
SESSION-EB07F141,Customer Information | Identity Verification,Document Verification
SESSION-EB07F141,Customer Information | Identity Verification | Document Verification,Account Information
SESSION-EB07F141,Customer Information | Identity Verification | Document Verification | Account Information,Onboarding Confirmation
SESSION-EB48AC71,Customer Information,Service Selection
SESSION-EB48AC71,Customer Information | Service Selection,Document Verification
SESSION-EB48AC71,Customer Information | Service Selection | Document Verification,Installation
SESSION-EB48AC71,Customer Information | Service Selection | Document Verification | Installation,Activation
SESSION-EB911FB5,Customer Information,Service Selection
SESSION-EB911FB5,Customer Information | Service Selection,Document Verification
SESSION-EB911FB5,Customer Information | Service Selection | Document Verification,Installation
SESSION-EB911FB5,Customer Information | Service Selection | Document Verification | Installation,Activation
SESSION-EB9D5329,Customer Information,Identity Verification
SESSION-EB9D5329,Customer Information | Identity Verification,Document Verification
SESSION-EB9D5329,Customer Information | Identity Verification | Document Verification,Account Information
SESSION-EB9D5329,Customer Information | Identity Verification | Document Verification | Account Information,Onboarding Confirmation
SESSION-EBCA9208,Customer Information,Identity Verification
SESSION-EBCA9208,Customer Information | Identity Verification,Document Verification
SESSION-EBCA9208,Customer Information | Identity Verification | Document Verification,Account Information
SESSION-EBCA9208,Customer Information | Identity Verification | Document Verification | Account Information,Onboarding Confirmation
SESSION-EBFE5139,Customer Information,Service Selection
SESSION-EBFE5139,Customer Information | Service Selection,Document Verification
SESSION-EBFE5139,Customer Information | Service Selection | Document Verification,Installation
SESSION-EBFE5139,Customer Information | Service Selection | Document Verification | Installation,Activation
SESSION-EC843A58,Customer Information,Identity Verification
SESSION-EC843A58,Customer Information | Identity Verification,Document Verification
SESSION-EC843A58,Customer Information | Identity Verification | Document Verification,Account Information
SESSION-EC843A58,Customer Information | Identity Verification | Document Verification | Account Information,Onboarding Confirmation
SESSION-ECF1B3A0,Customer Information,Service Selection
SESSION-ECF1B3A0,Customer Information | Service Selection,Document Verification
SESSION-ECF1B3A0,Customer Information | Service Selection | Document Verification,Installation
SESSION-ECF1B3A0,Customer Information | Service Selection | Document Verification | Installation,Activation
SESSION-ECF27CAC,Customer Information,Service Selection
SESSION-ECF27CAC,Customer Information | Service Selection,Document Verification
SESSION-ECF27CAC,Customer Information | Service Selection | Document Verification,Installation
SESSION-ECF27CAC,Customer Information | Service Selection | Document Verification | Installation,Activation
SESSION-ED029986,Customer Information,Identity Verification
SESSION-ED029986,Customer Information | Identity Verification,Document Verification
SESSION-ED029986,Customer Information | Identity Verification | Document Verification,Account Information
SESSION-ED029986,Customer Information | Identity Verification | Document Verification | Account Information,Onboarding Confirmation
SESSION-ED1CC5B0,Customer Information,Service Selection
SESSION-ED1CC5B0,Customer Information | Service Selection,Document Verification
SESSION-ED1CC5B0,Customer Information | Service Selection | Document Verification,Installation
SESSION-ED1CC5B0,Customer Information | Service Selection | Document Verification | Installation,Activation
SESSION-ED573A8D,Customer Information,Identity Verification
SESSION-ED573A8D,Customer Information | Identity Verification,Document Verification
SESSION-ED573A8D,Customer Information | Identity Verification | Document Verification,Account Information
SESSION-ED573A8D,Customer Information | Identity Verification | Document Verification | Account Information,Onboarding Confirmation
SESSION-EDD354AC,Customer Information,Identity Verification
SESSION-EDD354AC,Customer Information | Identity Verification,Document Verification
SESSION-EDD354AC,Customer Information | Identity Verification | Document Verification,Account Information
SESSION-EDD354AC,Customer Information | Identity Verification | Document Verification | Account Information,Onboarding Confirmation
SESSION-EDD8A388,Customer Information,Identity Verification
SESSION-EDD8A388,Customer Information | Identity Verification,Document Verification
SESSION-EDD8A388,Customer Information | Identity Verification | Document Verification,Account Information
SESSION-EDD8A388,Customer Information | Identity Verification | Document Verification | Account Information,Onboarding Confirmation
SESSION-EE5A6530,Customer Information,Service Selection
SESSION-EE5A6530,Customer Information | Service Selection,Document Verification
SESSION-EE5A6530,Customer Information | Service Selection | Document Verification,Installation
SESSION-EE5A6530,Customer Information | Service Selection | Document Verification | Installation,Activation
SESSION-EE64779A,Customer Information,Identity Verification
SESSION-EE64779A,Customer Information | Identity Verification,Document Verification
SESSION-EE64779A,Customer Information | Identity Verification | Document Verification,Account Information
SESSION-EE64779A,Customer Information | Identity Verification | Document Verification | Account Information,Onboarding Confirmation
SESSION-EE717A09,Customer Information,Identity Verification
SESSION-EE717A09,Customer Information | Identity Verification,Document Verification
SESSION-EE717A09,Customer Information | Identity Verification | Document Verification,Account Information
SESSION-EE717A09,Customer Information | Identity Verification | Document Verification | Account Information,Onboarding Confirmation
SESSION-EEA2DC9B,Customer Information,Service Selection
SESSION-EEA2DC9B,Customer Information | Service Selection,Document Verification
SESSION-EEA2DC9B,Customer Information | Service Selection | Document Verification,Installation
SESSION-EEA2DC9B,Customer Information | Service Selection | Document Verification | Installation,Activation
SESSION-EEA53B6E,Customer Information,Service Selection
SESSION-EEA53B6E,Customer Information | Service Selection,Document Verification
SESSION-EEA53B6E,Customer Information | Service Selection | Document Verification,Installation
SESSION-EEA53B6E,Customer Information | Service Selection | Document Verification | Installation,Activation
SESSION-EEBA3309,Customer Information,Identity Verification
SESSION-EEBA3309,Customer Information | Identity Verification,Document Verification
SESSION-EEBA3309,Customer Information | Identity Verification | Document Verification,Account Information
SESSION-EEBA3309,Customer Information | Identity Verification | Document Verification | Account Information,Onboarding Confirmation
SESSION-EEE0B337,Customer Information,Service Selection
SESSION-EEE0B337,Customer Information | Service Selection,Document Verification
SESSION-EEE0B337,Customer Information | Service Selection | Document Verification,Installation
SESSION-EEE0B337,Customer Information | Service Selection | Document Verification | Installation,Activation
SESSION-EEE0B66F,Customer Information,Service Selection
SESSION-EEE0B66F,Customer Information | Service Selection,Document Verification
SESSION-EEE0B66F,Customer Information | Service Selection | Document Verification,Installation
SESSION-EEE0B66F,Customer Information | Service Selection | Document Verification | Installation,Activation
SESSION-EEE3D2FF,Customer Information,Service Selection
SESSION-EEE3D2FF,Customer Information | Service Selection,Document Verification
SESSION-EEE3D2FF,Customer Information | Service Selection | Document Verification,Installation
SESSION-EEE3D2FF,Customer Information | Service Selection | Document Verification | Installation,Activation
SESSION-EF03FBCB,Customer Information,Identity Verification
SESSION-EF03FBCB,Customer Information | Identity Verification,Customer Information
SESSION-EF03FBCB,Customer Information | Identity Verification | Customer Information,Document Verification
SESSION-EF03FBCB,Customer Information | Identity Verification | Customer Information | Document Verification,Customer Information
SESSION-EF03FBCB,Customer Information | Identity Verification | Customer Information | Document Verification | Customer Information,Account Information
SESSION-EF03FBCB,Customer Information | Identity Verification | Customer Information | Document Verification | Customer Information | Account Information,Document Verification
SESSION-EF03FBCB,Customer Information | Identity Verification | Customer Information | Document Verification | Customer Information | Account Information | Document Verification,Onboarding Confirmation
SESSION-EF03FBCB,Customer Information | Identity Verification | Customer Information | Document Verification | Customer Information | Account Information | Document Verification | Onboarding Confirmation,Document Verification
SESSION-EF1608FE,Customer Information,Identity Verification
SESSION-EF1608FE,Customer Information | Identity Verification,Document Verification
SESSION-EF1608FE,Customer Information | Identity Verification | Document Verification,Account Information
SESSION-EF1608FE,Customer Information | Identity Verification | Document Verification | Account Information,Onboarding Confirmation
SESSION-EFB6A1DF,Customer Information,Identity Verification
SESSION-EFB6A1DF,Customer Information | Identity Verification,Document Verification
SESSION-EFB6A1DF,Customer Information | Identity Verification | Document Verification,Account Information
SESSION-EFB6A1DF,Customer Information | Identity Verification | Document Verification | Account Information,Onboarding Confirmation
SESSION-F00B3A91,Customer Information,Identity Verification
SESSION-F00B3A91,Customer Information | Identity Verification,Document Verification
SESSION-F00B3A91,Customer Information | Identity Verification | Document Verification,Account Information
SESSION-F00B3A91,Customer Information | Identity Verification | Document Verification | Account Information,Onboarding Confirmation
SESSION-F0209E0F,Customer Information,Service Selection
SESSION-F0209E0F,Customer Information | Service Selection,Document Verification
SESSION-F0209E0F,Customer Information | Service Selection | Document Verification,Installation
SESSION-F0209E0F,Customer Information | Service Selection | Document Verification | Installation,Activation
SESSION-F05E9C54,Customer Information,Identity Verification
SESSION-F05E9C54,Customer Information | Identity Verification,Document Verification
SESSION-F05E9C54,Customer Information | Identity Verification | Document Verification,Account Information
SESSION-F05E9C54,Customer Information | Identity Verification | Document Verification | Account Information,Onboarding Confirmation
SESSION-F06D5E10,Customer Information,Service Selection
SESSION-F06D5E10,Customer Information | Service Selection,Document Verification
SESSION-F06D5E10,Customer Information | Service Selection | Document Verification,Installation
SESSION-F06D5E10,Customer Information | Service Selection | Document Verification | Installation,Activation
SESSION-F084498B,Customer Information,Identity Verification
SESSION-F084498B,Customer Information | Identity Verification,Document Verification
SESSION-F084498B,Customer Information | Identity Verification | Document Verification,Account Information
SESSION-F084498B,Customer Information | Identity Verification | Document Verification | Account Information,Onboarding Confirmation
SESSION-F0889B76,Customer Information,Service Selection
SESSION-F0889B76,Customer Information | Service Selection,Document Verification
SESSION-F0889B76,Customer Information | Service Selection | Document Verification,Installation
SESSION-F0889B76,Customer Information | Service Selection | Document Verification | Installation,Activation
SESSION-F09CB48B,Customer Information,Identity Verification
SESSION-F09CB48B,Customer Information | Identity Verification,Document Verification
SESSION-F09CB48B,Customer Information | Identity Verification | Document Verification,Account Information
SESSION-F09CB48B,Customer Information | Identity Verification | Document Verification | Account Information,Onboarding Confirmation
SESSION-F0EAD61D,Customer Information,Identity Verification
SESSION-F0EAD61D,Customer Information | Identity Verification,Document Verification
SESSION-F0EAD61D,Customer Information | Identity Verification | Document Verification,Account Information
SESSION-F0EAD61D,Customer Information | Identity Verification | Document Verification | Account Information,Onboarding Confirmation
SESSION-F16BDCAB,Customer Information,Service Selection
SESSION-F16BDCAB,Customer Information | Service Selection,Document Verification
SESSION-F16BDCAB,Customer Information | Service Selection | Document Verification,Installation
SESSION-F16BDCAB,Customer Information | Service Selection | Document Verification | Installation,Activation
SESSION-F182D8FD,Customer Information,Identity Verification
SESSION-F182D8FD,Customer Information | Identity Verification,Document Verification
SESSION-F182D8FD,Customer Information | Identity Verification | Document Verification,Account Information
SESSION-F182D8FD,Customer Information | Identity Verification | Document Verification | Account Information,Onboarding Confirmation
SESSION-F1880D81,Customer Information,Identity Verification
SESSION-F1880D81,Customer Information | Identity Verification,Document Verification
SESSION-F1880D81,Customer Information | Identity Verification | Document Verification,Account Information
SESSION-F1880D81,Customer Information | Identity Verification | Document Verification | Account Information,Onboarding Confirmation
SESSION-F1EFEBF3,Customer Information,Identity Verification
SESSION-F1EFEBF3,Customer Information | Identity Verification,Document Verification
SESSION-F1EFEBF3,Customer Information | Identity Verification | Document Verification,Account Information
SESSION-F1EFEBF3,Customer Information | Identity Verification | Document Verification | Account Information,Onboarding Confirmation
SESSION-F255923C,Customer Information,Identity Verification
SESSION-F255923C,Customer Information | Identity Verification,Document Verification
SESSION-F255923C,Customer Information | Identity Verification | Document Verification,Account Information
SESSION-F255923C,Customer Information | Identity Verification | Document Verification | Account Information,Onboarding Confirmation
SESSION-F2876FAF,Customer Information,Identity Verification
SESSION-F2876FAF,Customer Information | Identity Verification,Document Verification
SESSION-F2876FAF,Customer Information | Identity Verification | Document Verification,Account Information
SESSION-F2876FAF,Customer Information | Identity Verification | Document Verification | Account Information,Onboarding Confirmation
SESSION-F2A25F17,Customer Information,Service Selection
SESSION-F2A25F17,Customer Information | Service Selection,Document Verification
SESSION-F2A25F17,Customer Information | Service Selection | Document Verification,Installation
SESSION-F2A25F17,Customer Information | Service Selection | Document Verification | Installation,Activation
SESSION-F32DB9CE,Customer Information,Identity Verification
SESSION-F32DB9CE,Customer Information | Identity Verification,Document Verification
SESSION-F32DB9CE,Customer Information | Identity Verification | Document Verification,Account Information
SESSION-F32DB9CE,Customer Information | Identity Verification | Document Verification | Account Information,Onboarding Confirmation
SESSION-F365AABC,Customer Information,Identity Verification
SESSION-F365AABC,Customer Information | Identity Verification,Document Verification
SESSION-F365AABC,Customer Information | Identity Verification | Document Verification,Account Information
SESSION-F365AABC,Customer Information | Identity Verification | Document Verification | Account Information,Onboarding Confirmation
SESSION-F385C495,Customer Information,Identity Verification
SESSION-F385C495,Customer Information | Identity Verification,Document Verification
SESSION-F385C495,Customer Information | Identity Verification | Document Verification,Account Information
SESSION-F385C495,Customer Information | Identity Verification | Document Verification | Account Information,Onboarding Confirmation
SESSION-F3B4E438,Customer Information,Service Selection
SESSION-F3B4E438,Customer Information | Service Selection,Document Verification
SESSION-F3B4E438,Customer Information | Service Selection | Document Verification,Installation
SESSION-F3B4E438,Customer Information | Service Selection | Document Verification | Installation,Activation
SESSION-F3D22712,Customer Information,Identity Verification
SESSION-F3D22712,Customer Information | Identity Verification,Document Verification
SESSION-F3D22712,Customer Information | Identity Verification | Document Verification,Account Information
SESSION-F3D22712,Customer Information | Identity Verification | Document Verification | Account Information,Onboarding Confirmation
SESSION-F3D523A4,Customer Information,Identity Verification
SESSION-F3D523A4,Customer Information | Identity Verification,Document Verification
SESSION-F3D523A4,Customer Information | Identity Verification | Document Verification,Account Information
SESSION-F3D523A4,Customer Information | Identity Verification | Document Verification | Account Information,Onboarding Confirmation
SESSION-F43E52F1,Customer Information,Identity Verification
SESSION-F43E52F1,Customer Information | Identity Verification,Document Verification
SESSION-F43E52F1,Customer Information | Identity Verification | Document Verification,Account Information
SESSION-F43E52F1,Customer Information | Identity Verification | Document Verification | Account Information,Onboarding Confirmation
SESSION-F44B2966,Customer Information,Service Selection
SESSION-F44B2966,Customer Information | Service Selection,Document Verification
SESSION-F44B2966,Customer Information | Service Selection | Document Verification,Installation
SESSION-F44B2966,Customer Information | Service Selection | Document Verification | Installation,Activation
SESSION-F455E3BA,Customer Information,Identity Verification
SESSION-F455E3BA,Customer Information | Identity Verification,Document Verification
SESSION-F455E3BA,Customer Information | Identity Verification | Document Verification,Account Information
SESSION-F455E3BA,Customer Information | Identity Verification | Document Verification | Account Information,Onboarding Confirmation
SESSION-F525998B,Account Information,Onboarding Confirmation
SESSION-F52C2A3A,Customer Information,Identity Verification
SESSION-F52C2A3A,Customer Information | Identity Verification,Document Verification
SESSION-F52C2A3A,Customer Information | Identity Verification | Document Verification,Account Information
SESSION-F52C2A3A,Customer Information | Identity Verification | Document Verification | Account Information,Onboarding Confirmation
SESSION-F56B0E85,Customer Information,Identity Verification
SESSION-F56B0E85,Customer Information | Identity Verification,Document Verification
SESSION-F56B0E85,Customer Information | Identity Verification | Document Verification,Account Information
SESSION-F56B0E85,Customer Information | Identity Verification | Document Verification | Account Information,Onboarding Confirmation
SESSION-F58B8FEA,Customer Information,Identity Verification
SESSION-F58B8FEA,Customer Information | Identity Verification,Document Verification
SESSION-F58B8FEA,Customer Information | Identity Verification | Document Verification,Customer Information
SESSION-F58B8FEA,Customer Information | Identity Verification | Document Verification | Customer Information,Account Information
SESSION-F58B8FEA,Customer Information | Identity Verification | Document Verification | Customer Information | Account Information,Onboarding Confirmation
SESSION-F5CD7E88,Customer Information,Service Selection
SESSION-F5CD7E88,Customer Information | Service Selection,Document Verification
SESSION-F5CD7E88,Customer Information | Service Selection | Document Verification,Installation
SESSION-F5CD7E88,Customer Information | Service Selection | Document Verification | Installation,Activation
SESSION-F6DF5B0B,Customer Information,Service Selection
SESSION-F6DF5B0B,Customer Information | Service Selection,Document Verification
SESSION-F6DF5B0B,Customer Information | Service Selection | Document Verification,Installation
SESSION-F6DF5B0B,Customer Information | Service Selection | Document Verification | Installation,Activation
SESSION-F73AD28A,Customer Information,Identity Verification
SESSION-F73AD28A,Customer Information | Identity Verification,Document Verification
SESSION-F73AD28A,Customer Information | Identity Verification | Document Verification,Account Information
SESSION-F73AD28A,Customer Information | Identity Verification | Document Verification | Account Information,Onboarding Confirmation
SESSION-F7710578,Customer Information,Service Selection
SESSION-F7710578,Customer Information | Service Selection,Document Verification
SESSION-F7710578,Customer Information | Service Selection | Document Verification,Installation
SESSION-F7710578,Customer Information | Service Selection | Document Verification | Installation,Activation
SESSION-F88B5683,Customer Information,Service Selection
SESSION-F88B5683,Customer Information | Service Selection,Document Verification
SESSION-F88B5683,Customer Information | Service Selection | Document Verification,Installation
SESSION-F88B5683,Customer Information | Service Selection | Document Verification | Installation,Activation
SESSION-F8EB2E73,Customer Information,Service Selection
SESSION-F8EB2E73,Customer Information | Service Selection,Document Verification
SESSION-F8EB2E73,Customer Information | Service Selection | Document Verification,Installation
SESSION-F8EB2E73,Customer Information | Service Selection | Document Verification | Installation,Activation
SESSION-F8ED3DEF,Customer Information,Identity Verification
SESSION-F8ED3DEF,Customer Information | Identity Verification,Customer Information
SESSION-F8ED3DEF,Customer Information | Identity Verification | Customer Information,Document Verification
SESSION-F8ED3DEF,Customer Information | Identity Verification | Customer Information | Document Verification,Account Information
SESSION-F8ED3DEF,Customer Information | Identity Verification | Customer Information | Document Verification | Account Information,Onboarding Confirmation
SESSION-F91DACB0,Customer Information,Service Selection
SESSION-F91DACB0,Customer Information | Service Selection,Document Verification
SESSION-F91DACB0,Customer Information | Service Selection | Document Verification,Installation
SESSION-F91DACB0,Customer Information | Service Selection | Document Verification | Installation,Activation
SESSION-F96FF95D,Customer Information,Identity Verification
SESSION-F96FF95D,Customer Information | Identity Verification,Document Verification
SESSION-F96FF95D,Customer Information | Identity Verification | Document Verification,Account Information
SESSION-F96FF95D,Customer Information | Identity Verification | Document Verification | Account Information,Onboarding Confirmation
SESSION-F994D7C7,Customer Information,Identity Verification
SESSION-F994D7C7,Customer Information | Identity Verification,Document Verification
SESSION-F994D7C7,Customer Information | Identity Verification | Document Verification,Account Information
SESSION-F994D7C7,Customer Information | Identity Verification | Document Verification | Account Information,Onboarding Confirmation
SESSION-F9D15E6D,Customer Information,Identity Verification
SESSION-F9D15E6D,Customer Information | Identity Verification,Document Verification
SESSION-F9D15E6D,Customer Information | Identity Verification | Document Verification,Account Information
SESSION-F9D15E6D,Customer Information | Identity Verification | Document Verification | Account Information,Onboarding Confirmation
SESSION-FA14F366,Customer Information,Service Selection
SESSION-FA14F366,Customer Information | Service Selection,Document Verification
SESSION-FA14F366,Customer Information | Service Selection | Document Verification,Service Selection
SESSION-FA14F366,Customer Information | Service Selection | Document Verification | Service Selection,Installation
SESSION-FA14F366,Customer Information | Service Selection | Document Verification | Service Selection | Installation,Activation
SESSION-FA155DE9,Customer Information,Service Selection
SESSION-FA155DE9,Customer Information | Service Selection,Document Verification
SESSION-FA155DE9,Customer Information | Service Selection | Document Verification,Installation
SESSION-FA155DE9,Customer Information | Service Selection | Document Verification | Installation,Activation
SESSION-FA3D454D,Customer Information,Service Selection
SESSION-FA3D454D,Customer Information | Service Selection,Document Verification
SESSION-FA3D454D,Customer Information | Service Selection | Document Verification,Installation
SESSION-FA3D454D,Customer Information | Service Selection | Document Verification | Installation,Activation
SESSION-FA5BF019,Customer Information,Identity Verification
SESSION-FA5BF019,Customer Information | Identity Verification,Document Verification
SESSION-FA5BF019,Customer Information | Identity Verification | Document Verification,Account Information
SESSION-FA5BF019,Customer Information | Identity Verification | Document Verification | Account Information,Onboarding Confirmation
SESSION-FA754661,Customer Information,Service Selection
SESSION-FA754661,Customer Information | Service Selection,Document Verification
SESSION-FA754661,Customer Information | Service Selection | Document Verification,Installation
SESSION-FA754661,Customer Information | Service Selection | Document Verification | Installation,Activation
SESSION-FA9BC6A5,Customer Information,Identity Verification
SESSION-FA9BC6A5,Customer Information | Identity Verification,Document Verification
SESSION-FA9BC6A5,Customer Information | Identity Verification | Document Verification,Account Information
SESSION-FA9BC6A5,Customer Information | Identity Verification | Document Verification | Account Information,Onboarding Confirmation
SESSION-FAA61E53,Customer Information,Identity Verification
SESSION-FAA61E53,Customer Information | Identity Verification,Document Verification
SESSION-FAA61E53,Customer Information | Identity Verification | Document Verification,Account Information
SESSION-FAA61E53,Customer Information | Identity Verification | Document Verification | Account Information,Onboarding Confirmation
SESSION-FAEB032A,Customer Information,Identity Verification
SESSION-FAEB032A,Customer Information | Identity Verification,Document Verification
SESSION-FAEB032A,Customer Information | Identity Verification | Document Verification,Account Information
SESSION-FAEB032A,Customer Information | Identity Verification | Document Verification | Account Information,Onboarding Confirmation
SESSION-FAEF5F78,Customer Information,Identity Verification
SESSION-FAEF5F78,Customer Information | Identity Verification,Document Verification
SESSION-FAEF5F78,Customer Information | Identity Verification | Document Verification,Account Information
SESSION-FAEF5F78,Customer Information | Identity Verification | Document Verification | Account Information,Onboarding Confirmation
SESSION-FB231896,Customer Information,Identity Verification
SESSION-FB231896,Customer Information | Identity Verification,Document Verification
SESSION-FB231896,Customer Information | Identity Verification | Document Verification,Account Information
SESSION-FB231896,Customer Information | Identity Verification | Document Verification | Account Information,Onboarding Confirmation
SESSION-FB2E6E88,Customer Information,Service Selection
SESSION-FB2E6E88,Customer Information | Service Selection,Document Verification
SESSION-FB2E6E88,Customer Information | Service Selection | Document Verification,Installation
SESSION-FB2E6E88,Customer Information | Service Selection | Document Verification | Installation,Activation
SESSION-FB4556F4,Customer Information,Onboarding Confirmation
SESSION-FB85700F,Customer Information,Identity Verification
SESSION-FB85700F,Customer Information | Identity Verification,Document Verification
SESSION-FB85700F,Customer Information | Identity Verification | Document Verification,Account Information
SESSION-FB85700F,Customer Information | Identity Verification | Document Verification | Account Information,Onboarding Confirmation
SESSION-FC3EF7C0,Customer Information,Identity Verification
SESSION-FC3EF7C0,Customer Information | Identity Verification,Document Verification
SESSION-FC3EF7C0,Customer Information | Identity Verification | Document Verification,Account Information
SESSION-FC3EF7C0,Customer Information | Identity Verification | Document Verification | Account Information,Onboarding Confirmation
SESSION-FC5D8EF9,Customer Information,Service Selection
SESSION-FC5D8EF9,Customer Information | Service Selection,Customer Information
SESSION-FC5D8EF9,Customer Information | Service Selection | Customer Information,Document Verification
SESSION-FC5D8EF9,Customer Information | Service Selection | Customer Information | Document Verification,Installation
SESSION-FC5D8EF9,Customer Information | Service Selection | Customer Information | Document Verification | Installation,Activation
SESSION-FC7A5C0F,Customer Information,Identity Verification
SESSION-FC7A5C0F,Customer Information | Identity Verification,Document Verification
SESSION-FC7A5C0F,Customer Information | Identity Verification | Document Verification,Account Information
SESSION-FC7A5C0F,Customer Information | Identity Verification | Document Verification | Account Information,Onboarding Confirmation
SESSION-FD913118,Customer Information,Service Selection
SESSION-FD913118,Customer Information | Service Selection,Document Verification
SESSION-FD913118,Customer Information | Service Selection | Document Verification,Installation
SESSION-FD913118,Customer Information | Service Selection | Document Verification | Installation,Activation
SESSION-FE99150B,Customer Information,Service Selection
SESSION-FE99150B,Customer Information | Service Selection,Document Verification
SESSION-FE99150B,Customer Information | Service Selection | Document Verification,Installation
SESSION-FE99150B,Customer Information | Service Selection | Document Verification | Installation,Activation
SESSION-FEAE0531,Customer Information,Identity Verification
SESSION-FEAE0531,Customer Information | Identity Verification,Document Verification
SESSION-FEAE0531,Customer Information | Identity Verification | Document Verification,Account Information
SESSION-FEAE0531,Customer Information | Identity Verification | Document Verification | Account Information,Onboarding Confirmation
SESSION-FEB7AB97,Customer Information,Identity Verification
SESSION-FEB7AB97,Customer Information | Identity Verification,Document Verification
SESSION-FEB7AB97,Customer Information | Identity Verification | Document Verification,Account Information
SESSION-FEB7AB97,Customer Information | Identity Verification | Document Verification | Account Information,Onboarding Confirmation
SESSION-FEC040B5,Customer Information,Identity Verification
SESSION-FEC040B5,Customer Information | Identity Verification,Document Verification
SESSION-FEC040B5,Customer Information | Identity Verification | Document Verification,Account Information
SESSION-FEC040B5,Customer Information | Identity Verification | Document Verification | Account Information,Onboarding Confirmation
SESSION-FF0953B5,Customer Information,Service Selection
SESSION-FF0953B5,Customer Information | Service Selection,Document Verification
SESSION-FF0953B5,Customer Information | Service Selection | Document Verification,Installation
SESSION-FF0953B5,Customer Information | Service Selection | Document Verification | Installation,Activation
SESSION-FF4596DC,Customer Information,Identity Verification
SESSION-FF4596DC,Customer Information | Identity Verification,Document Verification
SESSION-FF4596DC,Customer Information | Identity Verification | Document Verification,Account Information
SESSION-FF4596DC,Customer Information | Identity Verification | Document Verification | Account Information,Onboarding Confirmation
SESSION-FF50718A,Customer Information,Service Selection
SESSION-FF50718A,Customer Information | Service Selection,Document Verification
SESSION-FF50718A,Customer Information | Service Selection | Document Verification,Installation
SESSION-FF50718A,Customer Information | Service Selection | Document Verification | Installation,Activation
SESSION-FF7692A4,Customer Information,Service Selection
SESSION-FF7692A4,Customer Information | Service Selection,Document Verification
SESSION-FF7692A4,Customer Information | Service Selection | Document Verification,Installation
SESSION-FF7692A4,Customer Information | Service Selection | Document Verification | Installation,Activation
SESSION-FFA07516,Customer Information,Identity Verification
SESSION-FFA07516,Customer Information | Identity Verification,Document Verification
SESSION-FFA07516,Customer Information | Identity Verification | Document Verification,Account Information
SESSION-FFA07516,Customer Information | Identity Verification | Document Verification | Account Information,Onboarding Confirmation
SESSION-FFB37C5F,Customer Information,Identity Verification
SESSION-FFB37C5F,Customer Information | Identity Verification,Document Verification
SESSION-FFB37C5F,Customer Information | Identity Verification | Document Verification,Account Information
SESSION-FFB37C5F,Customer Information | Identity Verification | Document Verification | Account Information,Onboarding Confirmation
SESSION-FFBE83B6,Customer Information,Identity Verification
SESSION-FFBE83B6,Customer Information | Identity Verification,Document Verification
SESSION-FFBE83B6,Customer Information | Identity Verification | Document Verification,Account Information
SESSION-FFBE83B6,Customer Information | Identity Verification | Document Verification | Account Information,Onboarding Confirmation
SESSION-FFF65EB0,Customer Information,Service Selection
SESSION-FFF65EB0,Customer Information | Service Selection,Document Verification
SESSION-FFF65EB0,Customer Information | Service Selection | Document Verification,Installation
SESSION-FFF65EB0,Customer Information | Service Selection | Document Verification | Installation,Activation
SESSION-FFF6C941,Customer Information,Identity Verification
SESSION-FFF6C941,Customer Information | Identity Verification,Document Verification
SESSION-FFF6C941,Customer Information | Identity Verification | Document Verification,Account Information
SESSION-FFF6C941,Customer Information | Identity Verification | Document Verification | Account Information,Onboarding Confirmation
